NOMBRE_INVENTOR,NOMBRE DEL INVESTIGADOR,Ratio,inventor_id,CVU
"LOPEZ,NYDIA","LOPEZ LIRA,NIDIA",73.0,,404438.0
"STEPHENS,CHRISTOPER R","STEPHENS STEVENS,CHRISTOPHER RHODES",73.0,,16099.0
"STEPHENS,CHRISTOPER","STEPHENS STEVENS,CHRISTOPHER RHODES",73.0,,16099.0
"GARCIA,MARCO","GARCIA JUAREZ,MARCOS",77.0,,273360.0
"MORENO,MARCOS","MORENO IBARRA,MARCO",77.0,fl:ma_ln:pastor-1,17341.0
"GARCIA,IUIS MANUEL","GARCIA FERIA,LUIS MANUEL",78.0,,98872.0
"LOPEZ,JORGE LOUIS","LOPEZ LOPEZ,JORGE LUIS",78.0,,122687.0
"TALAVERA,MARINA","TALAVERA ROJAS,MARTIN",80.0,,111873.0
"BARRAGAN,EFRAIN","BARRAGAN RODRIGUEZ,EFRAIN",80.0,,90295.0
"CALDERON,RAFAEL","CALDERON CONTRERAS,RAFAEL",80.0,,220632.0
"CRUZ,ISRAEL","CRUZ VEGA,ISRAEL",80.0,fl:is_ln:ruiz-2,162347.0
"CRUZ,PEDRO","CRUZ NOVA,PEDRO",80.0,,632591.0
"ESTRADA,JORGE","ESTRADA MARTINEZ,JORGE",80.0,,169876.0
"FLORES,EMIGDIO Z","FLORES LOPEZ,EMIGDIO Z.",80.0,,527515.0
"GARCIA,ANAMARIA","GARCIA BORES,ANA MARIA",80.0,,91884.0
"GUEVARA,CESAR","GUEVARA GONZALEZ,CESAR",80.0,,449183.0
"GUILLEN,ALEJANDRO","GUILLEN SANTIAGO,ALEJANDRO",80.0,,38401.0
"MORALES,FRANCISCO J","MORALES LEAL,FRANCISCO JOSE",80.0,,10345.0
"PADILLA,CESAR","PADILLA ALTAMIRA,CESAR",80.0,fl:ce_ln:padilla-1,210866.0
"RUIZ,GABRIEL","RUIZ AYMA,GABRIEL",80.0,,297357.0
"AGUILAR,JOSE ROBERTO","AGUILAR JIMENEZ,JOSE ROBERTO",81.0,fl:jo_ln:aguilarante-1,292797.0
"AGUILAR,MARIO","SANCHEZ AGUILAR,MARIO",81.0,fl:ma_ln:aguilar-6,102066.0
"CASTANO,GUILLERMO","CASTANON NAJERA,GUILLERMO",81.0,fl:gu_ln:castano-1,11823.0
"CORELLA,MARIA ALBA GUADALUPE","CORELLA MADUENO,MARIA ALBA GUADALUPE",81.0,,95009.0
"CORTES,ARTURO","CORTES CUEVAS,ARTURO",81.0,,348745.0
"CUEVAS,RICARDO","CUEVAS MORENO,RICARDO",81.0,,200919.0
"ESCOBAR,GERARDO","ESCOBAR GALINDO,GERARDO",81.0,fl:ge_ln:escobar-2,35614.0
"FLORES,DANIEL","FLORES CURIEL,DANIEL",81.0,fl:ra_ln:floresaguirre-1,21427.0
"FLORES,FERNANDO","FLORES GARCIA,FERNANDO",81.0,fl:fe_ln:flores-3,1743.0
"GARCIA,ALBERTO","GARCIA QUIROZ,ALBERTO",81.0,fl:lu_ln:garcialuna-1,31929.0
"GARCIA,CESAR","GARCIA GARCIA,CESAR",81.0,,26171.0
"GARCIA,MARIO","GARCIA BERGER,MARIO",81.0,fl:ma_ln:lannoy-1,72354.0
"GUTIERREZ,PEDRO","GUTIERREZ CASTRELLON,PEDRO",81.0,,20427.0
"HERRERA,LUIS EDUARDO","HERRERA AZTEGUI,LUIS EDUARDO",81.0,fl:lu_ln:herrera-2,208423.0
"MARQUEZ,ADRIAN","MARQUEZ NAVARRO,ADRIAN",81.0,,44861.0
"MENDEZ,MARIO ALBERTO","MENDEZ DORADO,MARIO ALBERTO",81.0,,266470.0
"MORALES,VERONICA","MORALES TLALPAN,VERONICA",81.0,,25386.0
"MORENO,MARCO","MORENO IBARRA,MARCO",81.0,,17341.0
"ORDONEZ,LUIS MIGUEL","ORONA DOMINGUEZ,LUIS MIGUEL",81.0,,312327.0
"OROZCO,SERGIO","OROZCO CIRILO,SERGIO",81.0,,37288.0
"RAMIREZ,NORMA","RAMIREZ RAMIREZ,NORMA",81.0,,36247.0
"ROBERTS,DAVID","ROBLES ORTIZ,DAVID",81.0,,390710.0
"SALAZAR,JUAN CARLOS","SALAZAR SANCHEZ,JUAN CARLOS",81.0,,442983.0
"SALAZAR,MANUEL","SALAZAR RAMIREZ,MANUEL",81.0,,210682.0
"SALAZAR,RUBEN","SALAZAR MENDOZA,RUBEN",81.0,,122426.0
"SANTOS,ARTURO","SANTOS GARCIA,ARTURO",81.0,fl:ar_ln:santos-5,15784.0
"SUAREZ,JOSE LUIS","SUAREZ FRANCO,JOSE LUIS",81.0,,176055.0
"VARGAS,CARLOS","VARGAS OBIETA,CARLOS",81.0,fl:ca_ln:vargas-1,367413.0
"VARGAS,RAFAEL","VARGAS BERNAL,RAFAEL",81.0,,70273.0
"HERNANDEZ,HERIBERTO","HERNANDEZ COCOLETZI,HERIBERTO",81.0,,30927.0
"HERNANDEZ,JOAN MANUEL","HERNANDEZ LOPEZ,JUAN MANUEL",82.0,,225922.0
"HOOGESTEYN,ALMIRA L","HOOGESTEYN REUL,ALMIRA",82.0,,201968.0
"MEXICANO GARCIA,JESUS ALBERTO","GARCIA GARCIA,JESUS ALBERTO",82.0,,568438.0
"AGUILAR,JOSE ANTONIO","AGUILAR RIVERA,JOSE ANTONIO",83.0,fl:jo_ln:aguilarmendez-1,16233.0
"ALONSO,GABRIEL","ALONSO NUNEZ,GABRIEL",83.0,,20109.0
"ALVAREZ,EDUARDO","ALVAREZ GUZMAN,EDUARDO",83.0,,82899.0
"BARZANA,EDUARDO","BARZANA GARCIA,EDUARDO",83.0,,7965.0
"CABELLO,JUAN JOSE","CABELLO ROBLES,JUAN JOSE",83.0,,163955.0
"CAMACHO,ALEJANDRA","CAMACHO MOLINA,ALEJANDRA",83.0,,41897.0
"CASTRO,ARTURO","CASTRO ROCHA,ARTURO",83.0,,390087.0
"DEL RIO,JUAN CARLOS","DEL RIO GARCIA,JUAN CARLOS",83.0,,224944.0
"ESPARZA,MIGUEL","ESPARZA FLORES,MIGUEL",83.0,,170578.0
"ESPINOSA,JUAN","ESPINOSA MONTERO,JUAN",83.0,,43176.0
"ESPINOZA,CESAR","ESPINOZA RAMIREZ,CESAR",83.0,,39860.0
"ESTRADA,JUAN","ESTRADA AVALOS,JUAN",83.0,,59803.0
"FLORES,JOSE MANUEL","FLORES LOPEZ,JOSE MANUEL",83.0,,174386.0
"FLORES,RAUL","FLORES MEJIA,RAUL",83.0,,217715.0
"FUENTES,SERGIO","FUENTES MOYADO,SERGIO",83.0,,370.0
"GARCIA,ARTURO","GARCIA GOMEZ,ARTURO",83.0,fl:ar_ln:garcia-6,261385.0
"GARCIA,GUADALUPE","GARCIA LOPEZ,GUADALUPE",83.0,fl:gu_ln:garcia-19,215316.0
"GARCIA,GUSTAVO","GARCIA CONDE,GUSTAVO",83.0,fl:gu_ln:garcia-6,334990.0
"GARCIA,JOSE","GARCIA GOMEZ,JOSE",83.0,,82941.0
"GARCIA,LUIS MANUEL","GARCIA FERIA,LUIS MANUEL",83.0,fl:lu_ln:garcia-5,98872.0
"GARCIA,MIGUEL","GARCIA ROCHA,MIGUEL",83.0,,10777.0
"GARCIA,RUBEN","GARCIA GARZA,RUBEN",83.0,,332805.0
"GARCIA,SERGIO","GARCIA AVILA,SERGIO",83.0,fl:se_ln:dealbagarcin-1,122596.0
"GOMEZ,JAIME","GOMEZ RUIZ,JAIME",83.0,,202797.0
"GOMEZ,JAVIER","GOMEZ DIAZ,JAVIER",83.0,fl:ja_ln:gomez-7,263819.0
"GOMORA,ARTURO","GOMEZ ORTEGA,ARTURO",83.0,,30095.0
"GUTIERREZ,LUIS FERNANDO","GUTIERREZ PRECIADO,LUIS FERNANDO",83.0,,227524.0
"HERNANDEZ,MARCELINO","HERNANDEZ VALENCIA,MARCELINO",83.0,fl:ma_ln:hernandez-48,19257.0
"JARAMILLO,DAVID","JARAMILLO VIGUERAS,DAVID",83.0,,6235.0
"JIMENEZ,RICARDO","JIMENEZ MENDEZ,RICARDO",83.0,fl:ri_ln:jimenez-1,87455.0
"LOPEZ,LUIS","LOPEZ SOSA,LUIS",83.0,fl:lu_ln:lopezmoreno-1,436110.0
"MARTINEZ,LUIS","MARTINEZ ANDRADE,LUIS",83.0,,165889.0
"MENDOZA,MONICA","MENDEZ DIAZ,MONICA",83.0,fl:mo_ln:mendoza-1,25578.0
"MORALES,JORGE","MORALES MONTOR,JORGE",83.0,fl:jo_ln:morales-18,15566.0
"MORENO,ALEJANDRO","MORENO GOMEZ,ALEJANDRO",83.0,,592192.0
"MORENO,JAIME","MORENO PEREZ,JAIME",83.0,,16941.0
"OCAMPO,RAUL","OCAMPO PEREZ,RAUL",83.0,,160109.0
"PEREZ,CLAUDIA","PEREZ CRUZ,CLAUDIA",83.0,,39243.0
"PEREZ,IVAN","PEREZ DIAZ,IVAN",83.0,fl:iv_ln:perez-1,40913.0
"PEREZ,MARCOS","PEREZ SATO,MARCOS",83.0,fl:ma_ln:perez-48,37460.0
"PEREZ,RAFAEL","PEREZ PENA,RAFAEL",83.0,,458529.0
"QUINTANAR,DAVID","QUINTANAR GUERRERO,DAVID",83.0,,19540.0
"RAMIREZ,MANUEL","RAMIREZ ARANDA,MANUEL",83.0,,101752.0
"RAMIREZ,PEDRO","RAMIREZ GARCIA,PEDRO",83.0,,1430.0
"REYES,LUIS","REYES MURO,LUIS",83.0,,120660.0
"RIVERA,RAFAEL","RIVERA LOPEZ,RAFAEL",83.0,,336746.0
"ROBLES,ROGELIO","ROBLES LOPEZ,ROGELIO",83.0,,391608.0
"SANCHEZ,ALBERTO","SANCHEZ MEDINA,ALBERTO",83.0,fl:al_ln:pulidosanchez-1,39502.0
"SANCHEZ,CESAR","SANCHEZ OCAMPO,CESAR",83.0,fl:ce_ln:sanchez-3,257267.0
"SANCHEZ,LAURA","SANCHEZ CHAPUL,LAURA",83.0,fl:la_ln:sanchez-3,122340.0
"SANTANA,MIGUEL ANGEL","SANTANA ARANDA,MIGUEL ANGEL",83.0,,31516.0
"VARGAS,RODRIGO","VARGAS RAMOS,RODRIGO",83.0,,40375.0
"VELASCO,MARCOS","VELASCO CAMPOS,MARCOS",83.0,,2984.0
"CONTRERAS,ALBERTO","CONTRERAS CRISTAN,ALBERTO",84.0,,20334.0
"FIGUEROA,CARLOS ALBERTO","FIGUEROA IBARRA,CARLOS ALBERTO",84.0,,12775.0
"GALLEGOS,MIGUEL ANGEL","GALLEGOS ROBLES,MIGUEL ANGEL",84.0,fl:mi_ln:gallegos-1,36608.0
"GONZALEZ,PEDRO","GONZALEZ ZAMORA,PEDRO",84.0,fl:pe_ln:gonzalez-4,407777.0
"GUTIERREZ,ALBERTO","GUTIERREZ BECERRA,ALBERTO",84.0,,160426.0
"HERNANDEZ,BENJAMIN","HERNANDEZ MARQUEZ,BENJAMIN",84.0,,484897.0
"HERNANDEZ,ROBERTO","HERNANDEZ RAYGOZA,ROBERTO",84.0,fl:ro_ln:hernandez-5,771883.0
"MARTINEZ,FEDERICO","MARTINEZ MONTES,FEDERICO",84.0,,2834.0
"MARTINEZ,ISMAEL","MARTINEZ CORTES,ISMAEL",84.0,,390987.0
"RODRIGUEZ,JUAN","RODRIGUEZ RAMIREZ,JUAN",84.0,,68180.0
"SANDOVAL,JOSE","SANDOVAL CORTES,JOSE",84.0,,39976.0
"WAELBROECK,HENRI","WAELBROECK GOGNEAUX,HENRI",84.0,,
"AVILES,CARLOS","AVILES CRUZ,CARLOS",85.0,,120690.0
"GARCIA,ARMANDO","GARCIA LUNA,ARMANDO",85.0,fl:al_ln:garciagonzalez-1,33303.0
"GARCIA,FERNANDO","GARCIA PAEZ,FERNANDO",85.0,fl:fe_ln:garcia-9,111885.0
"GARCIA,HECTOR","GARCIA NAVA,HECTOR",85.0,,46325.0
"GARCIA,JESUS","GARCIA DIAZ,JESUS",85.0,fl:je_ln:garcia-29,20438.0
"GARCIA,OSCAR","GARCIA LEAL,OSCAR",85.0,,122432.0
"GARCIA,RAFAEL","GARCIA RUIZ,RAFAEL",85.0,fl:ra_ln:garcia-30,388545.0
"HERMOSILLO,JORGE","HERMOSILLO VALADEZ,JORGE",85.0,,87822.0
"MENDEZ,ANTONIO","MENDEZ BLAS,ANTONIO",85.0,fl:an_ln:mendez-3,123735.0
"MORENO,JOSE ANTONIO","MORENO RAZO,JOSE ANTONIO",85.0,,100044.0
"VILLANUEVA,CARLOS","VILLANUEVA VALADEZ,CARLOS",85.0,,495260.0
"ALVAREZ,CARLOS","ALVAREZ MOYA,CARLOS",86.0,,217794.0
"BECERRIL,BALTAZAR","BECERRIL LUJAN,BALTAZAR",86.0,,2325.0
"CASTILLO,GABRIELA","CASTILLO PARRA,GABRIELA",86.0,,36150.0
"CASTILLO,JORGE","CASTILLO TEJAS,JORGE",86.0,,123090.0
"ESTRADA,JOSE LUIS","ESTRADA HAEN,JOSE LUIS",86.0,,33752.0
"GONZALEZ,ALEJANDRO","GONZALEZ GOMEZ,ALEJANDRO",86.0,fl:iv_ln:gonzalez-1,19731.0
"GONZALEZ,CLAUDIA","GONZALEZ GOMEZ,CLAUDIA",86.0,fl:cl_ln:gonzalez-4,239151.0
"GONZALEZ,FELIPE","GONZALEZ ORTIZ,FELIPE",86.0,,25365.0
"GONZALEZ,FERNANDO","GONZALEZ CERON,FERNANDO",86.0,fl:aa_ln:gonzalezcordova-1,161819.0
"GONZALEZ,JOSE","GONZALEZ TOVAR,JOSE",86.0,,340899.0
"GONZALEZ,JUAN CARLOS","GONZALEZ VIDAL,JUAN CARLOS",86.0,,25255.0
"GONZALEZ,JUAN MIGUEL","GONZALEZ LOPEZ,JUAN MIGUEL",86.0,fl:ju_ln:gonzalez-18,211801.0
"GONZALEZ,ROBERTO","GONZALEZ ACOLT,ROBERTO",86.0,,239953.0
"MARTINEZ,ANTONIO","MARTINEZ RICHA,ANTONIO",86.0,fl:ed_ln:martinez-12,534.0
"MARTINEZ,CARLOS EDUARDO","MARTINEZ NUNEZ,CARLOS EDUARDO",86.0,,565274.0
"MARTINEZ,EDUARDO","MARTINEZ MARIN,EDUARDO",86.0,,1051588.0
"MARTINEZ,HUGO","MARTINEZ OCHOA,HUGO",86.0,,768795.0
"MARTINEZ,JUAN CARLOS","MARTINEZ ROSAS,JUAN CARLOS",86.0,fl:ju_ln:martinezlaurent-1,45861.0
"MARTINEZ,MOISES","MARTINEZ MARES,MOISES",86.0,,121980.0
"MERCADO,EDUARDO","MERCADO CRUZ,EDUARDO",86.0,,215987.0
"RAMIREZ,MARIO","RAMIREZ LEPE,MARIO",86.0,,120106.0
"VALENCIA,ARTURO","VALENCIA ISLAS,ARTURO",86.0,,95964.0
"VAZQUEZ,LUIS","VAZQUEZ LEON,LUIS",86.0,fl:lu_ln:vazquez-3,6735.0
"VAZQUEZ,MARIA ELENA","VAZQUEZ LIRA,MARIA ELENA",86.0,fl:ma_ln:vazquez-7,585184.0
"VAZQUEZ,OSCAR","VAZQUEZ VERA,OSCAR",86.0,,164040.0
"VILLASENOR,LUIS","VILLASENOR PINEDA,LUIS",87.0,fl:lu_ln:villasenor-1,21224.0
"CADENA NAVA,RUBEN D","CADENA NAVA,RUBEN DARIO",88.0,,36135.0
"VALENZUELA,RICARDO","VALENZUELA GARZA,RICARDO",88.0,,312817.0
"VILLANUEVA,RODRIGO","VILLANUEVA PONCE,RODRIGO",88.0,,322167.0
"VILLARREAL,SALVADOR","VILLARREAL REYES,SALVADOR",88.0,,40774.0
"ARREDONDO HERNANDEZ,LUIS JOSE","ARREDONDO HERNANDEZ,LUIS JOSE RENE",89.0,,175445.0
"FERNANDEZ,JUAN","FERNANDEZ RUIZ,JUAN",89.0,,11362.0
"GARCIA SANCHEZ,GUSTAVO A","GARCIA SANCHEZ,GUSTAVO ADOLFO",89.0,,
"GUTIERREZ,MANUEL","GUTIERREZ NAVA,MANUEL",89.0,fl:ma_ln:gutierrez-17,30209.0
"HERNANDEZ,CESAR","HERNANDEZ CRUZ,CESAR",89.0,,205674.0
"HERNANDEZ,JOSE LUIS","HERNANDEZ CRUZ,JOSE LUIS",89.0,,253976.0
"RODRIGUEZ,ANDRES","RODRIGUEZ RIOS,ANDRES",89.0,,79581.0
"RODRIGUEZ,CESAR","RODRIGUEZ BEAS,CESAR",89.0,fl:ce_ln:rodriguezcedillo-1,48236.0
"RODRIGUEZ,CHRISTIAN","RODRIGUEZ RUIZ,CHRISTIAN",89.0,,450485.0
"HERNANDEZ,AARON","HERNANDEZ CID,AARON",89.0,,310858.0
"MORONES RAMIREZ,J RUBEN","MORONES RAMIREZ,JOSE RUBEN",89.0,,46146.0
"MONTOYA DE LA FUENTE,J ASCENSION","MONTOYA DE LA FUENTE,J ASCENCION",89.0,,
"VELAZQUEZ SALAZAR,J JESUS","VELAZQUEZ SALAZAR,J JESUS",89.0,,
"MENDOZA DE LA CRUZ,JOSELUIS","MENDOZA DE LA CRUZ,JOSE LUIS",89.0,,278086.0
"AVILA,RAUL","AVILA ORTIZ,RAUL",81.0,,211967.0
"BRAVO,ALEJANDRA","BRAVO PONCE,ALEJANDRA",81.0,,782229.0
"GAMBA,GERARDO","GAMBA AYALA,GERARDO",81.0,,11340.0
"LOPEZ,ANGEL","LOPEZ GOMEZ,ANGEL",81.0,,31295.0
"LOPEZ,ANTONIO","LOPEZ REYES,ANTONIO",81.0,,311000.0
"LOPEZ,EDUARDO","LOPEZ LOPEZ,EDUARDO",81.0,,43911.0
"LOPEZ,HECTOR","LOPEZ LOERA,HECTOR",81.0,,25771.0
"LOPEZ,MARIO","LOPEZ GOMEZ,MARIO",81.0,fl:ma_ln:ruiz-23,123514.0
"LOPEZ,RODOLFO","LOPEZ GOMEZ,RODOLFO",81.0,,10512.0
"MARINI,JESUS","MARIN CRUZ,JESUS",81.0,fl:je_ln:mariniparissi-1,37228.0
"NUNEZ,EDUARDO","NUNEZ ROJAS,EDUARDO",81.0,,424109.0
"PEREZ,HECTOR","PEREZ GUIDO,HECTOR",81.0,,268359.0
"REYES,JOSE","REYES GASGA,JOSE",81.0,,4317.0
"SORIA,FRANCISCO JAVIER","SORIA LOPEZ,FRANCISCO JAVIER",82.0,,123392.0
"CARDENAS,EDUARDO","CARDENAS CARDENAS,EDUARDO",82.0,,519453.0
"ESQUIVEL,JUAN MANUEL","ESQUIVEL MARTINEZ,JUAN MANUEL",82.0,,266229.0
"GONZALEZ,AARON","GONZALEZ PALACIOS,AARON",82.0,,511255.0
"CASTELLANOS,SERGIO","CASTELLANOS RODRIGUEZ,SERGIO",85.0,,863337.0
"AGUILAR,ANTONIO","AGUILAR LOPEZ,ANTONIO",85.0,fl:jo_ln:aguilarmendez-1,94440.0
"AGUILAR,OMAR","AGUILAR MEJIA,OMAR",85.0,fl:om_ln:aguilarmacedo-1,98156.0
"ALVAREZ,JOSE","ALVAREZ PEREZ,JOSE",85.0,,849785.0
"HERRERA,ALBERTO","HERRERA GOMEZ,ALBERTO",85.0,,15110.0
"JALBOUT,ABRAHAM FOUAD","JALBOUT TAPIA,ABRAHAM FOUAD",85.0,,213512.0
"MENDOZA,JESUS","MENDEZ LOZANO,JESUS",85.0,,26211.0
"MENDOZA,RODOLFO","MENDOZA GOMEZ,RODOLFO",85.0,,378771.0
"MIRANDA,FRANCISCO","MIRANDA LOPEZ,FRANCISCO",85.0,,25493.0
"MURILLO,DANIEL","MURILLO LICEA,DANIEL",85.0,fl:da_ln:murillo-2,122955.0
"SANCHEZ,ANTONIO","SANCHEZ SOLIS,ANTONIO",85.0,,6033.0
"SANCHEZ,FRANCISCO","SANCHEZ OCHOA,FRANCISCO",85.0,,376578.0
"SANCHEZ,JOSE GUADALUPE","SANCHEZ LOPEZ,JOSE GUADALUPE",85.0,fl:jo_ln:sanchezdelarosa-2,952294.0
"SANCHEZ,SALVADOR","SANCHEZ COLON,SALVADOR",85.0,,6603.0
"VAZQUEZ,ALEJANDRO","VAZQUEZ DIMAS,ALEJANDRO",85.0,,204997.0
"VAZQUEZ,JOSE","VAZQUEZ PRADO,JOSE",86.0,,15002.0
"CONTRERAS,ANTONIO","CONTRERAS CUEVAS,ANTONIO",86.0,,26262.0
"CONTRERAS,ROBERTO","CONTRERAS JUAREZ,ROBERTO",86.0,fl:ro_ln:contreras-7,80228.0
"GUTIERREZ,ARTURO","GUTIERREZ LOZANO,ARTURO",86.0,,296891.0
"GUTIERREZ,JORGE","GUTIERREZ CUEVAS,JORGE",86.0,,166988.0
"GUTIERREZ,RAUL","GUTIERREZ SUAREZ,RAUL",86.0,,93140.0
"GUTIERREZ,ROBERTO","GUTIERREZ DORADO,ROBERTO",86.0,,96384.0
"HERNANDEZ,CARLOS","HERNANDEZ SANTOS,CARLOS",86.0,,180152.0
"RODRIGUEZ,ANGEL","RODRIGUEZ MORENO,ANGEL",86.0,,37766.0
"RODRIGUEZ,DIANA","RODRIGUEZ MENDEZ,DIANA",86.0,,176842.0
"RODRIGUEZ,HECTOR","RODRIGUEZ RANGEL,HECTOR",86.0,,219230.0
"VELAZQUEZ,JOSE","VELAZQUEZ VARELA,JOSE",86.0,,162235.0
"CERVANTES,FRANCISCO","CERVANTES ORTIZ,FRANCISCO",86.0,,44714.0
"CERVANTES,JUAN","CERVANTES PEREZ,JUAN",86.0,,15976.0
"HERNANDEZ,ALFONSO","HERNANDEZ GARAY,ALFONSO",88.0,,9309.0
"HERNANDEZ,ALFREDO","HERNANDEZ PEREZ,ALFREDO",88.0,,552802.0
"HERNANDEZ,GUSTAVO","HERNANDEZ VIDAL,GUSTAVO",88.0,,20583.0
"HERNANDEZ,HECTOR","HERNANDEZ LOPEZ,HECTOR",88.0,fl:he_ln:hernandezhernandez-1,40117.0
"HERNANDEZ,MIGUEL ANGEL","HERNANDEZ ONATE,MIGUEL ANGEL",88.0,,166850.0
"HERNANDEZ,NESTOR","HERNANDEZ GREEN,NESTOR",88.0,,376228.0
"HERNANDEZ,RICARDO","HERNANDEZ AVILA,RICARDO",88.0,fl:ri_ln:hernandez-6,30819.0
"KUPPUSAMY,ILANGOVAN","KUPPUSAMY AMMAL,ILANGOVAN",88.0,,10728.0
"RODRIGUEZ,GUSTAVO","RODRIGUEZ GOMEZ,GUSTAVO",88.0,fl:gu_ln:rodriguez-6,202891.0
"ZAVALA,RICARDO","ZAVALA YOE,RICARDO",88.0,,35196.0
"CEVALLOS,ANA MARIA","CEVALLOS GAOS,ANA MARIA",88.0,,21195.0
"GONZALEZ,ARTURO","GONZALEZ ISLA,ARTURO",88.0,,514592.0
"GONZALEZ,ENRIQUE","GONZALEZ SOSA,ENRIQUE",88.0,fl:al_ln:gonzalez-20,21636.0
"GONZALEZ,OSCAR","GONZALEZ RIOS,OSCAR",88.0,,37926.0
"GRAEVE,OLIVIA A","GRAEVE,OLIVIA AMALIA",88.0,,450195.0
"MARTINEZ,ALEJANDRO","MARTINEZ RIOS,ALEJANDRO",88.0,,22338.0
"MARTINEZ,DANIEL","MARTINEZ FONG,DANIEL",88.0,fl:he_ln:martinez-1,3516.0
"MARTINEZ,JUAN MANUEL","MARTINEZ SOTO,JUAN MANUEL",88.0,,491885.0
"RUIZ,FACUNDO","RUIZ X,FACUNDO",88.0,,7786.0
"VILLANUEVA,RAFAEL","VILLANUEVA OLEA,RAFAEL",88.0,,325261.0
"GRAEVE,OLIVIA A","GRAEVE,OLIVIA AMALIA",92.85714286,,450195.0
"NIETO ALVAREZ,DAVID AARON","NIETO ALVAREZ,DAVID ARROON",94.11764706,fl:da_ln:nietoalvarez-1,120701.0
"CADENA NAVA,RUBEN D","CADENA NAVA,RUBEN DARIO",94.44444444,,36135.0
"LOPEZ MACIAS,CONSTANTINO ILL ROBERTO","LOPEZ MACIAS,CONSTANTINO III ROBERTO",94.44444444,,16329.0
"GARCIA Y GARCIA,JOSE","GARCIA GARCIA,JOSE RAYMUNDO FROYLAN",94.73684211,,9947.0
"CAMACHO PEREZ,JOSE R","CAMACHO PEREZ,JOSE RODRIGO",94.73684211,fl:jo_ln:camachoperez-2,46302.0
"REYES TABOADA,JOSE L","REYES TABOADA,JOSE LUIS",94.73684211,,33950.0
"MORENO CUEVAS,JORGE E","MORENO CUEVAS,JORGE EUGENIO",95.0,,22367.0
"GUZMAN LOPEZ,MIGUEL A","GUZMAN LOPEZ,MIGUEL ANGEL",95.0,,55651.0
"GONZALEZ ROMERO,ADRIAN","GONZALEZ ROMO,ADRIAN",95.23809524,,122085.0
"RITO PALOMARES,MARCO A","RITO PALOMARES,MARCO ANTONIO",95.23809524,,9659.0
"PANIAGUA SOLIS,JORGE F","PANIAGUA SOLIS,JORGE FERNANDO",95.23809524,,120284.0
"LICEA NAVARRO,ALEXEI F","LICEA NAVARRO,ALEXEI FEDOROVISH",95.23809524,,14434.0
"HIRATA FLORES,GUSTAVO A","HIRATA FLORES,GUSTAVO ALONSO",95.45454545,,10222.0
"GALVAN MIYOSHI,JULIAN M","GALVAN MIYOSHI,JULIAN MASASUE",95.45454545,,39054.0
"VARGAS LUNA,FRANCISCO M","VARGAS LUNA,FRANCISCO MIGUEL",95.45454545,,9949.0
"RODRIGUEZ JASSO,ANDRES F","RODRIGUEZ JASSO,ANDRES FERNANDO",95.65217391,,89342.0
"GONZALEZ GALVAN,EMILIO J","GONZALEZ GALVAN,EMILIO JORGE",95.65217391,,19100.0
"CAMACHO VILLEGAS,TANYA A","CAMACHO VILLEGAS,TANYA AMANDA",95.65217391,,164427.0
"DE LEON RODRIGUEZ,LUIS M","DE LEON RODRIGUEZ,LUIS MANUEL",95.65217391,,25966.0
"ALDAYA GARDE,IVAN ARTIZ","ALDAYA GARDE,IVAN ARITZ",95.65217391,,322867.0
"GARCIA SANCHEZ,GUSTAVO A","GARCIA SANCHEZ,GUSTAVO ADOLFO",95.65217391,,
"VILLARREAL TREVINO,JUAN A","VILLARREAL TREVINO,JUAN ANTONIO",95.83333333,fl:ju_ln:villarrealtrevino-1,32126.0
"MUNOZ MOYA,JOSE ANTONIO D","MUNOZ MOYA,JOSE ANTONIO DOMINGO",95.83333333,,121555.0
"GONZALEZ VILLARREAL,JOSE A","GONZALEZ VILLARREAL,JOSE ALEJANDRO",96.0,,201622.0
"BELTRAN CONDE,HIRAM ISSAC","BELTRAN CONDE,HIRAM ISAAC",96.0,,30127.0
"PACHECO SOTELO,JOEL OSVALDO","PACHECO SOTELO,JOEL OSBALDO",96.2962963,,6983.0
"HERNANDEZ GOMEZ,IRVING UZIEL","HERNANDEZ GOMEZ,IRVING URIEL",96.42857143,,376704.0
"ARROYO CORDOVA,ISMAEL JAVIER","ARROYO CORDOBA,ISMAEL JAVIER",96.42857143,,482724.0
"MENA CERVANTES,VIOLETA YAZMIN","MENA CERVANTES,VIOLETA YASMIN",96.55172414,fl:vi_ln:menacervantes-1,170728.0
"LOPEZ ARREDONDO,DAMAR LISBETH","LOPEZ ARREDONDO,DAMAR LIZBETH",96.55172414,,207308.0
"MARTINEZ MARTINEZ DE LA ESCALARA,LORENZO","MARTINEZ MARTINEZ DE LA ESCALERA,LORENZO",96.77419355,,171992.0
"ESTRADA GARCIA,IRIS CITLATI ELVIRA","ESTRADA GARCIA,IRIS CITLALI ELVIRA",97.05882353,,6601.0
"COLLINS MARTINEZ,VIRGINIA HIDOLINA","COLLINS MARTINEZ,VIRGINIA HIDALINA",97.05882353,,31298.0
"HERNANDEZ GONZALES,RUTILIA MARISELA","HERNANDEZ GONZALEZ,RUTILIA MARISELA",97.14285714,,19850.0
"LOPEZ CANOVA,LILIA","LOPEZ CANOVAS,LILIA",97.2972973,,306084.0
"FUENTES MOYADOS,SERGIO","FUENTES MOYADO,SERGIO",97.6744186,,370.0
"MIRELES JR GARCIA,JOSE","MIRELES JR. GARCIA,JOSE",97.77777778,,121491.0
"ALTAMIRANO BUSTAMANTE,MYRIAM MARLENE","ALTAMIRANO BUSTAMANTE,MYRIAM MARLENNE",98.63013699,,11335.0
"VAZQUEZ GUEVARA,MIGUEL ANGEL","VAZQUEZ GUEVARA,MIGUEL ANGEL",100.0,,36519.0
"DOMINGUEZ ESQUIVEL,JOSE MANUEL","DOMINGUEZ ESQUIVEL,JOSE MANUEL",100.0,fl:jo_ln:dominguezesquivel-1,472.0
"MIRANDA OLVERA,ALMA DELIA","MIRANDA OLVERA,ALMA DELIA",100.0,,42976.0
"FLORES SANCHEZ,PATRICIA","FLORES SANCHEZ,PATRICIA",100.0,,6909.0
"ABURTO ANELL,JORGE ARTURO","ABURTO ANELL,JORGE ARTURO",100.0,fl:jo_ln:aburtoanell-1,21717.0
"REYES VIDAL,MARIA YOLANDA","REYES VIDAL,MARIA YOLANDA",100.0,,98389.0
"ASAFF TORRES,ALI","ASAFF TORRES,ALI JESUS",100.0,,122558.0
"MARIN CRUZ,JESUS","MARIN CRUZ,JESUS",100.0,fl:je_ln:marincruz-1,37228.0
"VEGA PAZ,ARACELI","VEGA PAZ,ARACELI",100.0,,92144.0
"MONTIEL SANCHEZ,LUISA ELENA","MONTIEL SANCHEZ,LUISA ELENA",100.0,,205149.0
"MARTINEZ PALOU,RAFAEL","MARTINEZ PALOU,RAFAEL",100.0,fl:ra_ln:martinezpalou-1,26346.0
"QUEJ AKE,LUIS MANUEL","QUEJ AKE,LUIS MANUEL",100.0,fl:lu_ln:quejake-1,100796.0
"SANCHEZ GARCIA,VERONICA","SANCHEZ GARCIA,VERONICA",100.0,,275185.0
"BENITEZ AGUILAR,JOSE LUIS RODOLFO","BENITEZ AGUILAR,JOSE LUIS RODOLFO",100.0,fl:jo_ln:benitezaguilar-1,15505.0
"CASTILLO CERVANTES,SALVADOR","CASTILLO CERVANTES,SALVADOR",100.0,fl:sa_ln:castillocervantes-1,10589.0
"HERNANDEZ GONZALEZ,GUILLERMO","HERNANDEZ GONZALEZ,GUILLERMO",100.0,,1098457.0
"MEJIA CENTENO,ISIDRO","MEJIA CENTENO,ISIDRO",100.0,fl:is_ln:mejiacenteno-1,130241.0
"VARGAS ESCUDERO,ALFREDO","VARGAS ESCUDERO,ALFREDO",100.0,,200962.0
"MORAN PINEDA,FLORENCIA MARINA","MORAN PINEDA,FLORENCIA MARINA",100.0,fl:fl_ln:moranpineda-1,10591.0
"CAMPOSECO SOLIS,ROBERTO","CAMPOSECO SOLIS,ROBERTO",100.0,fl:ro_ln:camposecosolis-1,336258.0
"NAVARRETE BOLANOS,JUAN","NAVARRETE BOLANOS,JUAN",100.0,fl:ju_ln:navarretebolanos-1,8000.0
"GOMEZ RAMIREZ,MARLENNE","GOMEZ RAMIREZ,MARLENNE",100.0,,216884.0
"GARCIA DE LEON,ROBERTO","GARCIA DE LEON,ROBERTO",100.0,,30555.0
"ROJAS AVELIZAPA,NORMA GABRIELA","ROJAS AVELIZAPA,NORMA GABRIELA",100.0,,19524.0
"HERNANDEZ GAMA,REGINA","HERNANDEZ GAMA,REGINA",100.0,,174732.0
"SANCHEZ GARCIA,SERGIO","SANCHEZ GARCIA,SERGIO",100.0,fl:se_ln:sanchezgarcia-1,42971.0
"VILLANUEVA PONCE,RODRIGO","VILLANUEVA PONCE,RODRIGO",100.0,,322167.0
"MEJIA PEREZ,GUSTAVO","MEJIA PEREZ,GUSTAVO",100.0,,332480.0
"ANCHEYTA JUAREZ,JORGE","ANCHEYTA JUAREZ,JORGE",100.0,fl:jo_ln:ancheytajuarez-1,12077.0
"RAMIREZ SOLIS,JORGE FERNANDO","RAMIREZ SOLIS,JORGE FERNANDO",100.0,fl:jo_ln:ramirezsolis-1,1651.0
"RAYO MAYORAL,PATRICIA","RAYO MAYORAL,PATRICIA",100.0,fl:pa_ln:rayomayoral-1,80479.0
"CENTENO NOLASCO,GUILLERMO","CENTENO NOLASCO,GUILLERMO",100.0,fl:gu_ln:centenonolasco-1,253434.0
"MARROQUIN SANCHEZ,GUSTAVO JESUS","MARROQUIN SANCHEZ,GUSTAVO JESUS",100.0,fl:gu_ln:marroquinsanchez-1,202165.0
"BELTRAN CONDE,HIRAM ISAAC","BELTRAN CONDE,HIRAM ISAAC",100.0,fl:hi_ln:beltranconde-2,30127.0
"ZAMUDIO RIVERA,LUIS SILVESTRE","ZAMUDIO RIVERA,LUIS SILVESTRE",100.0,fl:lu_ln:zamudiorivera-1,26241.0
"DOMINGUEZ AGUILAR,MARCO ANTONIO","DOMINGUEZ AGUILAR,MARCO ANTONIO",100.0,fl:ma_ln:dominguezaguilar-1,122986.0
"MENA CERVANTES,VIOLETA YASMIN","MENA CERVANTES,VIOLETA YASMIN",100.0,fl:vi_ln:menacervantes-2,170728.0
"HERNANDEZ ALTAMIRANO,RAUL","HERNANDEZ ALTAMIRANO,RAUL",100.0,fl:ra_ln:hernandezaltamirano-1,131289.0
"VAZQUEZ MORENO,FLAVIO SALVADOR","VAZQUEZ MORENO,FLAVIO SALVADOR",100.0,fl:fl_ln:vazquezmoreno-1,16165.0
"ALVAREZ RAMIREZ,FERNANDO","ALVAREZ RAMIREZ,FERNANDO",100.0,fl:fe_ln:alvarezramirez-1,26371.0
"HERNANDEZ CORTEZ,JOSE GONZALO","HERNANDEZ CORTEZ,JOSE GONZALO",100.0,fl:jo_ln:hernandezcortez-1,30357.0
"CASTRO SOTELO,LAURA VERONICA","CASTRO SOTELO,LAURA VERONICA",100.0,fl:la_ln:castrosotelo-1,90812.0
"FLORES SANDOVAL,CESAR ANDRES","FLORES SANDOVAL,CESAR ANDRES",100.0,,25427.0
"FLORES OROPEZA,EUGENIO ALEJANDRO","FLORES OROPEZA,EUGENIO ALEJANDRO",100.0,fl:eu_ln:floresoropeza-1,19448.0
"REYES MARTINEZ,REYNA","REYES MARTINEZ,REYNA",100.0,fl:re_ln:reyesmartinez-2,163265.0
"HERNANDEZ HERNANDEZ,HECTOR","HERNANDEZ HERNANDEZ,HECTOR ALFREDO",100.0,fl:he_ln:hernandezhernandez-1,270766.0
"MAYA FLORES,ETEL","MAYA FLORES,ETEL",100.0,fl:et_ln:mayaflores-1,373228.0
"SANCHEZ VALENTE,JAIME","SANCHEZ VALENTE,JAIME",100.0,fl:ja_ln:sanchezvalente-2,21916.0
"QUINTANA SOLORZANO,ROBERTO","QUINTANA SOLORZANO,ROBERTO",100.0,fl:ro_ln:quintanasolorzano-1,84014.0
"DEL ANGEL VICENTE,PAZ","DEL ANGEL VICENTE,PAZ",100.0,,6428.0
"ARMENDARIZ HERRERA,HECTOR","ARMENDARIZ HERRERA,HECTOR",100.0,fl:he_ln:armendarizherrera-1,6194.0
"GUZMAN CASTILLO,MARIA DE LOURDES ALEJANDRA","GUZMAN CASTILLO,MARIA DE LOURDES ALEJANDRA",100.0,fl:ma_ln:guzmancastillo-1,8786.0
"SANCHEZ,JOHN EDER","SANCHEZ,JOHN EDER",100.0,,895130.0
"PONCE PEDRAZA,ARTURO","PONCE PEDRAZA,ARTURO",100.0,,121653.0
"JOSE YACAMAN,MIGUEL","JOSE Y YACAMAN,MIGUEL",100.0,,114.0
"HERNANDEZ SUAREZ,ROGELIO","HERNANDEZ SUAREZ,ROGELIO",100.0,fl:ro_ln:hernandezsuarez-1,201421.0
"JIMENEZ CRUZ,FEDERICO JESUS","JIMENEZ CRUZ,FEDERICO JESUS",100.0,fl:fe_ln:jimenezcruz-1,18867.0
"MARIN ROSAS,CELIA","MARIN ROSAS,CELIA",100.0,,216832.0
"CASTANEDA LOPEZ,LUIS CARLOS","CASTANEDA LOPEZ,LUIS CARLOS",100.0,fl:lu_ln:castanedalopez-1,216827.0
"MURRIETA GUEVARA,FLORENTINO RAFAEL","MURRIETA GUEVARA,FLORENTINO RAFAEL",100.0,fl:fl_ln:murrietaguevara-1,202131.0
"LOPEZ LIMA,JOSE DANIEL","LOPEZ LIMA,JOSE DANIEL",100.0,,350758.0
"CARRION VILLARNOVO,GLORIA LUZ LAURA","CARRION VILLARNOVO,GLORIA LUZ LAURA",100.0,,111220.0
"ALEMAN VAZQUEZ,LAURA OLIVIA","ALEMAN VAZQUEZ,LAURA OLIVIA",100.0,fl:la_ln:alemanvazquez-1,122808.0
"ZENTENO RAMIREZ,ANTONIO","ZENTENO RAMIREZ,ANTONIO",100.0,fl:an_ln:zentenoramirez-1,123310.0
"LEDESMA OROZCO,ELIAS RIGOBERTO","LEDESMA OROZCO,ELIAS RIGOBERTO",100.0,,200911.0
"ALCANTAR CAMARENA,VICTOR ALFONSO","ALCANTAR CAMARENA,VICTOR ALFONSO",100.0,,294973.0
"VALLEJO GALLAND,BELINDA","VALLEJO GALLAND,BELINDA",100.0,fl:be_ln:vallejogalland-1,15447.0
"RODRIGUEZ FIGUEROA,JOSE CARLOS","RODRIGUEZ FIGUEROA,JOSE CARLOS",100.0,fl:jo_ln:rodriguezfigueroa-1,211592.0
"GONZALEZ CORDOVA,AARON FERNANDO","GONZALEZ CORDOVA,AARON FERNANDO",100.0,fl:aa_ln:gonzalezcordova-1,145125.0
"AQUINO OLIVOS,MARCO ANTONIO","AQUINO OLIVOS,MARCO ANTONIO",100.0,fl:ma_ln:aquinoolivos-2,68302.0
"CAMACHO PEREZ,JOSE RODRIGO","CAMACHO PEREZ,JOSE RODRIGO",100.0,fl:jo_ln:camachoperez-2,46302.0
"LOPEZ MEYER,PAULO","LOPEZ MEYER,PAULO",100.0,fl:pa_ln:lopezmeyer-1,49474.0
"GARCIA MARTINEZ,MOISES","GARCIA MARTINEZ,MOISES",100.0,,266013.0
"CAMPOS CANTON,ERIC","CAMPOS CANTON,ERIC",100.0,fl:er_ln:camposcanton-1,121080.0
"CISNEROS DEVORA,RODOLFO","CISNEROS DEVORA,RODOLFO",100.0,fl:ro_ln:cisnerosdevora-1,169672.0
"PONS JIMENEZ,MIRNA","PONS JIMENEZ,MIRNA",100.0,fl:mi_ln:ponsjimenez-1,252584.0
"LUNA ROJERO,ERICK EMANUEL","LUNA ROJERO,ERICK EMANUEL",100.0,fl:er_ln:lunarojero-1,18934.0
"CORDOURIER MARURI,HECTOR","CORDOURIER MARURI,HECTOR ALFONSO",100.0,fl:he_ln:cordouriermaruri-1,167179.0
"ZAMORA ESQUIVEL,JULIO","ZAMORA ESQUIVEL,JULIO CESAR",100.0,fl:ju_ln:zamoraesquivel-1,39887.0
"MORALES ROJAS,HUGO","MORALES ROJAS,HUGO",100.0,,121418.0
"DOMINGUEZ CHAVEZ,JORGE GUILLERMO","DOMINGUEZ CHAVEZ,JORGE GUILLERMO",100.0,,167227.0
"MONDRAGON VASQUEZ,KARINA","MONDRAGON VASQUEZ,KARINA",100.0,,48341.0
"HERRERA RUIZ,DEA","HERRERA RUIZ,DEA",100.0,,121852.0
"CEVADA MAYA,ENRIQUE","CEVADA MAYA,ENRIQUE",100.0,fl:en_ln:cevadamaya-1,252873.0
"HERNANDEZ CARBAJAL,EDGAR IVAN","HERNANDEZ CARBAJAL,EDGAR IVAN",100.0,fl:ed_ln:hernandezcarbajal-1,391601.0
"BEAS BUJANOS,JOAQUIN","BEAS BUJANOS,JOAQUIN",100.0,fl:jo_ln:beasbujanos-1,101336.0
"VERA MONTENEGRO,REMEDIOS YOLANDA","VERA MONTENEGRO,REMEDIOS YOLANDA",100.0,,7041.0
"HERNANDEZ CAMPOS,MARIA ALICIA","HERNANDEZ CAMPOS,MARIA ALICIA",100.0,,14829.0
"CASTILLO BOCANEGRA,RAFAEL","CASTILLO BOCANEGRA,RAFAEL",100.0,,2805.0
"FLORES RAMOS,MIGUEL ANGEL","FLORES RAMOS,MIGUEL ANGEL",100.0,,267703.0
"IBARRA VELARDE,OSVALDO FROYLAN","IBARRA VELARDE,OSVALDO FROYLAN",100.0,,3620.0
"NORENA FRANCO,LUIS","NORENA FRANCO,LUIS ENRIQUE",100.0,,120683.0
"SALDIVAR GUERRA,ENRIQUE","SALDIVAR GUERRA,ENRIQUE",100.0,fl:en_ln:saldivarguerra-1,18854.0
"INFANTE MARTINEZ,JOSE RAMIRO","INFANTE MARTINEZ,JOSE RAMIRO",100.0,,38598.0
"AGUILAR PLIEGO,JULIA","AGUILAR PLIEGO,JULIA",100.0,,51794.0
"GUTIERREZ ARZALUZ,MIRELLA","GUTIERREZ ARZALUZ,MIRELLA",100.0,,245748.0
"SEGURA PACHECO,BLANCA ANGELICA","SEGURA PACHECO,BLANCA ANGELICA",100.0,fl:bl_ln:segurapacheco-1,123577.0
"CABRERA AQUINO,JOSE GUSTAVO","CABRERA AQUINO,JOSE GUSTAVO",100.0,fl:jo_ln:cabreraaquino-1,121916.0
"RONICKE,STEPHAN","RONICKE,STEPHAN",100.0,fl:st_ln:ronicke-1,886567.0
"SMITH,MICHAEL","SMITH,MICHAEL WILLIAM",100.0,,730326.0
"HODGKINS,ROBERT PETER","HODGKINS,ROBERT PETER",100.0,,509790.0
"RIVERA SOLORIO,CARLOS IVAN","RIVERA SOLORIO,CARLOS IVAN",100.0,,121148.0
"CARRILLO FUENTEVILLA,ROBERTO","CARRILLO FUENTEVILLA,ROBERTO",100.0,fl:ro_ln:carrillofuentevilla-1,16034.0
"SANTANA RODRIGUEZ,GUILLERMO","SANTANA RODRIGUEZ,GUILLERMO LORENZO",100.0,,121356.0
"RIOS JARA,DAVID","RIOS JARA,DAVID",100.0,,1094.0
"ALEXANDROVA,LARISSA","ALEXANDROVA,LARISSA",100.0,,14706.0
"ASTUDILLO DE LA VEGA,HORACIO","ASTUDILLO DE LA VEGA,HORACIO",100.0,,31711.0
"OLGUIN LORA,PATRICIA","OLGUIN LORA,PATRICIA",100.0,fl:pa_ln:olguinlora-1,21310.0
"CASTORENA CORTES,GLADYS TERESA","CASTORENA CORTES,GLADYS TERESA",100.0,fl:gl_ln:castorenacortes-1,70335.0
"ROLDAN CARRILLO,TERESA GUADALUPE","ROLDAN CARRILLO,TERESA GUADALUPE",100.0,fl:te_ln:roldancarrillo-1,25434.0
"CAMPOS MACIAS,LEOBARDO","CAMPOS MACIAS,LEOBARDO EMMANUEL",100.0,fl:le_ln:camposmacias-1,543862.0
"GOMEZ GUTIERREZ,DAVID","GOMEZ GUTIERREZ,DAVID",100.0,fl:da_ln:gomezgutierrez-1,205631.0
"CEDENO VIVEROS,LUIS DANIEL","CEDENO VIVEROS,LUIS DANIEL",100.0,,662531.0
"LEON ROVIRA,NOEL","LEON ROVIRA,NOEL",100.0,,15640.0
"CARBAJAL DE NOVA,CAROLINA","CARBAJAL DE NOVA,CAROLINA",100.0,,101186.0
"HERNANDEZ BELTRAN,FRANCISCO JAVIER","HERNANDEZ BELTRAN,FRANCISCO JAVIER",100.0,fl:fr_ln:hernandezbeltran-1,5081.0
"PEREZ ROMO,PATRICIA","PEREZ ROMO,PATRICIA",100.0,fl:pa_ln:perezromo-1,21919.0
"ZAPATA PENASCO,NORMA ICOQUIH","ZAPATA PENASCO,NORMA ICOQUIH",100.0,fl:no_ln:zapatapenasco-1,89968.0
"GARIBAY FEBLES,VICENTE","GARIBAY FEBLES,VICENTE",100.0,fl:vi_ln:garibayfebles-1,20304.0
"PACHECO Y ALCALA,UBALDO SADOTT","PACHECO Y ALCALA,UBALDO SADOTT",100.0,,20619.0
"CASTANO MENESES,VICTOR MANUEL","CASTANO MENESES,VICTOR MANUEL",100.0,,3211.0
"LIKHANOVA,NATALYA VICTOROVNA","LIKHANOVA,NATALYA VICTOROVNA",100.0,fl:na_ln:victorovnalikhanova-1,121084.0
"MOCTEZUMA BERTHIER,ANDRES EDUARDO","MOCTEZUMA BERTHIER,ANDRES EDUARDO",100.0,,254705.0
"OLIVARES XOMETL,CRESCENCIO OCTAVIO","OLIVARES XOMETL,CRESCENCIO OCTAVIO",100.0,,87639.0
"RODRIGUEZ SALINAS,JUAN JOSE","RODRIGUEZ SALINAS,JUAN JOSE",100.0,fl:ju_ln:rodriguezsalinas-1,37308.0
"ORTEGA GARCIA,FELIPE DE JESUS","ORTEGA GARCIA,FELIPE DE JESUS",100.0,,120174.0
"SCHACHT HERNANDEZ,PERSI","SCHACHT HERNANDEZ,PERSI",100.0,fl:pe_ln:schachthernandez-1,123241.0
"MAR JUAREZ,ELIZABETH","MAR JUAREZ,ELIZABETH",100.0,,26202.0
"VELEZ ARGUMEDO,CATALINA MARIA","VELEZ ARGUMEDO,CATALINA MARIA",100.0,fl:ca_ln:velezargumedo-1,445986.0
"REALPE QUINTERO,MAURICIO","REALPE QUINTERO,MAURICIO ALBERTO",100.0,,178366.0
"ARMENDARIZ BORUNDA,JUAN SOCORRO","ARMENDARIZ BORUNDA,JUAN SOCORRO",100.0,fl:ju_ln:armendarizborunda-1,4539.0
"RUELAS LEPE,RUBEN","RUELAS LEPE,RUBEN",100.0,,241117.0
"GEVORGYAN,GOHAR","GEVORGYAN,GOHAR",100.0,fl:go_ln:gevorgyan-1,16196.0
"MANUCHARYAN,KAREN","MANUCHARYAN,KAREN",100.0,fl:ka_ln:manucharyan-1,16195.0
"CERON CAMACHO,RICARDO","CERON CAMACHO,RICARDO",100.0,,173997.0
"RAMIREZ DE SANTIAGO,MARIO","RAMIREZ DE SANTIAGO,MARIO",100.0,,51862.0
"VALLEJO CARDONA,ALBA ADRIANA","VALLEJO CARDONA,ALBA ADRIANA",100.0,,50109.0
"ALMEIDA LOYA,SERGIO FABIAN","ALMEIDA LOYA,SERGIO FABIAN",100.0,,666669.0
"CRUZ MORALES,PABLO","CRUZ MORALES,PABLO",100.0,,219769.0
"BARONA GOMEZ,FRANCISCO","BARONA GOMEZ,FRANCISCO",100.0,,82338.0
"NAVA LARA,MARIA DEL ROCIO","NAVA LARA,MARIA DEL ROCIO",100.0,,35126.0
"HERNANDEZ GARCIA,JUAN","HERNANDEZ GARCIA,JUAN ALFREDO",100.0,,369256.0
"RAMIREZ PEREZ,JORGE FRANCISCO","RAMIREZ PEREZ,JORGE FRANCISCO",100.0,fl:jo_ln:ramirezperez-1,429320.0
"MARTINEZ MAGADAN,JOSE MANUEL","MARTINEZ MAGADAN,JOSE MANUEL",100.0,fl:jo_ln:martinezmagadan-1,12790.0
"LOPEZ RAMIREZ,SIMON","LOPEZ RAMIREZ,SIMON",100.0,fl:si_ln:lopezramirez-2,21164.0
"DURAN VALENCIA,CECILIA DE LOS ANGELES","DURAN VALENCIA,CECILIA DE LOS ANGELES",100.0,fl:ce_ln:duranvalencia-1,26209.0
"OVIEDO ROA,RAUL","OVIEDO ROA,RAUL",100.0,fl:ra_ln:oviedoroa-1,15382.0
"ORTEGA RODRIGUEZ,ALEJANDRO","ORTEGA RODRIGUEZ,ALEJANDRO",100.0,fl:al_ln:ortegarodriguez-1,200933.0
"VAZQUEZ DUHALT,RAFAEL","VAZQUEZ DUHALT,RAFAEL",100.0,,6525.0
"MARTIN DEL CAMPO LOPEZ,FABIOLA","MARTIN DEL CAMPO LOPEZ,FABIOLA",100.0,,244360.0
"GARCIA GARCIA,GUILLERMO","GARCIA GARCIA,GUILLERMO",100.0,,205351.0
"SANCHEZ SCHMITZ,GUZMAN GERARDO ALFONSO","SANCHEZ SCHMITZ,GUZMAN GERARDO ALFONSO",100.0,,401006.0
"CHAUVIN,ANNE LAURE PATRICIA","CHAUVIN,ANNE LAURE PATRICIA",100.0,,293046.0
"ORDUNA REYES,ERNESTO","ORDUNA REYES,ERNESTO",100.0,,88285.0
"MARTINEZ SANCHEZ,JOSE","MARTINEZ SANCHEZ,JOSE FRANCISCO",100.0,fl:jo_ln:sanchez-26,351298.0
"MARTINEZ SANCHEZ,JOSE","MARTINEZ SANCHEZ,JOSE LUIS",100.0,fl:jo_ln:sanchez-26,120967.0
"BENAVIDES LOZANO,JORGE ALEJANDRO","BENAVIDES LOZANO,JORGE ALEJANDRO",100.0,,216664.0
"RODRIGUEZ SANCHEZ,DARIANA GRACIELA","RODRIGUEZ SANCHEZ,DARIANA GRACIELA",100.0,,274371.0
"GUTIERREZ URIBE,JANET ALEJANDRA","GUTIERREZ URIBE,JANET ALEJANDRA",100.0,,274602.0
"HERNANDEZ BRENES,CARMEN","HERNANDEZ BRENES,CARMEN",100.0,,26334.0
"MIKI YOSHIDA,MARIO","MIKI YOSHIDA,MARIO",100.0,,13539.0
"NAGAMEDIANOVA,ZOULFIA","NAGAMEDIANOVA,ZOULFIA",100.0,,121690.0
"PIZA RUIZ,PEDRO","PIZA RUIZ,PEDRO",100.0,,173073.0
"VEGA BECERRA,OSCAR","VEGA BECERRA,OSCAR EDGARDO",100.0,,97249.0
"AMEZAGA MADRID,PATRICIA","AMEZAGA MADRID,PATRICIA",100.0,,79433.0
"LOPEZ CERVANTES,JAIME","LOPEZ CERVANTES,JAIME",100.0,,121311.0
"GUTIERREZ MEDINA,BRAULIO","GUTIERREZ MEDINA,BRAULIO",100.0,,202918.0
"SANCHEZ MIRANDA,MANUEL DE JESUS","SANCHEZ MIRANDA,MANUEL DE JESUS",100.0,,229826.0
"CARTAS ROSADO,ANA ROCIO","CARTAS ROSADO,ANA ROCIO",100.0,,36894.0
"SOBERON CHAVEZ,MARIO","SOBERON CHAVEZ,MARIO",100.0,,5415.0
"BRAVO DE LA PARRA,MARIA ALEJANDRA","BRAVO DE LA PARRA,MARIA ALEJANDRA",100.0,,7465.0
"PARDO LOPEZ,LILIANA","PARDO LOPEZ,LILIANA",100.0,,122256.0
"GARCIA MARQUEZ,ERISTEO","GARCIA MARQUEZ,ERISTEO",100.0,,204553.0
"ESPINOSA ANDREWS,HUGO","ESPINOSA ANDREWS,HUGO",100.0,,101254.0
"PATINO,JUAN","PATINO,JUAN CARLOS",100.0,,213973.0
"GONZALEZ JIMENEZ,LUIS ENRIQUE","GONZALEZ JIMENEZ,LUIS ENRIQUE",100.0,,172488.0
"RUIZ CRUZ,RIEMANN","RUIZ CRUZ,RIEMANN",100.0,,40326.0
"RAMOS MURILLO,MANUEL ANTONIO","RAMOS MURILLO,MANUEL ANTONIO",100.0,,222146.0
"ENRIQUEZ CARREJO,JOSE LUIS","ENRIQUEZ CARREJO,JOSE LUIS",100.0,,355799.0
"AMBROSIO LAZARO,ROBERTO CARLOS","AMBROSIO LAZARO,ROBERTO CARLOS",100.0,,36102.0
"RODRIGUEZ GONZALEZ,CLAUDIA ALEJANDRA","RODRIGUEZ GONZALEZ,CLAUDIA ALEJANDRA",100.0,,69183.0
"DOMINGUEZ MALDONADO,JORGE ARTURO","DOMINGUEZ MALDONADO,JORGE ARTURO",100.0,,42214.0
"FLOTA BANUELOS,MANUEL ISRAEL","FLOTA BANUELOS,MANUEL ISRAEL",100.0,,41289.0
"ALZATE GAVIRIA,LILIANA MARIA","ALZATE GAVIRIA,LILIANA MARIA",100.0,,201638.0
"CONTRERAS MASSE,ROBERTO ANTONIO","CONTRERAS MASSE,ROBERTO ANTONIO",100.0,,954640.0
"FEMAT FLORES,ALEJANDRO RICARDO","FEMAT FLORES,ALEJANDRO RICARDO",100.0,,18907.0
"VAZQUEZ OVIEDO,ERICK ISRAEL","VAZQUEZ OVIEDO,ERICK ISRAEL",100.0,,423695.0
"VAZQUEZ NAVA,NIMROD","VAZQUEZ NAVA,NIMROD",100.0,,121948.0
"ZAVALA OLIVARES,GERARDO","ZAVALA OLIVARES,GERARDO",100.0,fl:ge_ln:zavalaolivares-1,26145.0
"TORRES MANCERA,LEON PABLO","TORRES MANCERA,LEON PABLO",100.0,,36458.0
"ORTEGA BORGES,RAUL MARTIN","ORTEGA BORGES,RAUL MARTIN",100.0,,15336.0
"MEAS VONG,YUNNY","MEAS VONG,YUNNY",100.0,,584.0
"TREJO CORDOVA,GABRIEL","TREJO CORDOVA,GABRIEL",100.0,,20030.0
"MARINO MARMOLEJO,ERIKA NAHOMY","MARINO MARMOLEJO,ERIKA NAHOMY",100.0,,48632.0
"DAVILA VAZQUEZ,GUSTAVO","DAVILA VAZQUEZ,GUSTAVO",100.0,,100409.0
"CONTRERAS RAMOS,SILVIA MARIBEL","CONTRERAS RAMOS,SILVIA MARIBEL",100.0,,38756.0
"AVILA VILCHIS,JUAN CARLOS","AVILA VILCHIS,JUAN CARLOS",100.0,,59656.0
"VILCHIS GONZALEZ,ADRIANA HERLINDA","VILCHIS GONZALEZ,ADRIANA HERLINDA",100.0,,121524.0
"CASTRO ROSAS,JAVIER","CASTRO ROSAS,JAVIER",100.0,fl:ja_ln:castrorosas-1,26198.0
"GOMEZ ALDAPA,CARLOS ALBERTO","GOMEZ ALDAPA,CARLOS ALBERTO",100.0,fl:ca_ln:gomezaldapa-1,20051.0
"GOJON ZORRILLA,GABRIEL","GOJON ZORRILLA,GABRIEL",100.0,,1518.0
"HERRERA ESTRELLA,LUIS RAFAEL","HERRERA ESTRELLA,LUIS RAFAEL",100.0,,4867.0
"AMEZCUA ALLIERI,MYRIAM ADELA","AMEZCUA ALLIERI,MYRIAM ADELA",100.0,,121541.0
"RAMIREZ VERDUZCO,LUIS FELIPE","RAMIREZ VERDUZCO,LUIS FELIPE",100.0,,83762.0
"PEREZ GALLARDO,ALFONSO","PEREZ GALLARDO,ALFONSO",100.0,,160052.0
"LEAL CHAVEZ,DANIEL ARTURO","LEAL CHAVEZ,DANIEL ARTURO",100.0,,483872.0
"BELTRAN CHACON,RICARDO","BELTRAN CHACON,RICARDO",100.0,,175522.0
"CORONA GALVAN,SERGIO","CORONA GALVAN,SERGIO",100.0,,9123.0
"RODRIGUEZ GUADARRAMA,LUIS ANTONIO","RODRIGUEZ GUADARRAMA,LUIS ANTONIO",100.0,,61797.0
"ESCUDERO URIBE,APOLO ZEUS","ESCUDERO URIBE,APOLO ZEUS",100.0,,31206.0
"SANTOS CUEVAS,CLARA LETICIA","SANTOS CUEVAS,CLARA LETICIA",100.0,,171596.0
"OCAMPO GARCIA,BLANCA ELI","OCAMPO GARCIA,BLANCA ELI",100.0,,309879.0
"AZORIN VEGA,ERIKA PATRICIA","AZORIN VEGA,ERIKA PATRICIA",100.0,,49309.0
"LUNA GUTIERREZ,MYRNA ALEJANDRA","LUNA GUTIERREZ,MYRNA ALEJANDRA",100.0,,265081.0
"JIMENEZ MANCILLA,NALLELY PATRICIA","JIMENEZ MANCILLA,NALLELY PATRICIA",100.0,,279152.0
"FERRO FLORES,GUILLERMINA","FERRO FLORES,GUILLERMINA",100.0,,19581.0
"DE LA ROSA SANTAMARIA,ROBERTO","DE LA ROSA SANTAMARIA,ROBERTO",100.0,fl:ro_ln:delarosasantamaria-1,96556.0
"MENDOZA,CARLOS","MENDOZA,CARLOS",100.0,fl:ca_ln:mendoza-2,11755.0
"RODRIGUEZ LOPEZ,CARLOS EDUARDO","RODRIGUEZ LOPEZ,CARLOS EDUARDO",100.0,,388322.0
"DIAZ DE LA GARZA,ROCIO ISABEL","DIAZ DE LA GARZA,ROCIO ISABEL",100.0,,39462.0
"AVALOS GARCIA,JAVIER","AVALOS GARCIA,JAVIER",100.0,,200110.0
"PENA DUQUE,MARCO ANTONIO","PENA DUQUE,MARCO ANTONIO",100.0,,345373.0
"VILLAGOMEZ IBARRA,JOSE ROBERTO","VILLAGOMEZ IBARRA,JOSE ROBERTO",100.0,,11592.0
"SEGOVIA QUINTERO,MANUEL ALBERTO","SEGOVIA QUINTERO,MANUEL ALBERTO",100.0,,122290.0
"ESCOBAR HERNANDEZ,DANIEL","ESCOBAR HERNANDEZ,DANIEL",100.0,,36369.0
"CARBAJAL ARIZAGA,GREGORIO GUADALUPE","CARBAJAL ARIZAGA,GREGORIO GUADALUPE",100.0,,337026.0
"DE LANGE,DIRK FREDERIK","DE LANGE,DIRK FREDERIK",100.0,,223919.0
"YANEZ SOTO,BERNARDO","YANEZ SOTO,BERNARDO",100.0,,219308.0
"PEREZ TORRES,ARMANDO","PEREZ TORRES,ARMANDO",100.0,,120286.0
"SCIUTTO CONDE,EDDA LYDIA","SCIUTTO CONDE,EDDA LYDIA",100.0,,5508.0
"FRAGOSO GONZALEZ,GLADIS DEL CARMEN","FRAGOSO GONZALEZ,GLADIS DEL CARMEN",100.0,,11771.0
"CERVANTES TORRES,JACQUELYNNE BRENDA","CERVANTES TORRES,JACQUELYNNE BRENDA",100.0,,132249.0
"SEGURA VELAZQUEZ,RENE ALVARO","SEGURA VELAZQUEZ,RENE ALVARO",100.0,,91547.0
"KONTOROVICH MAZOVER,VALERI","KONTOROVICH MAZOVER,VALERI",100.0,fl:va_ln:kontorovichmazover-1,15162.0
"PENA CAMPOS,FERNANDO","PENA CAMPOS,FERNANDO",100.0,,319175.0
"GONZALEZ MONTIEL,ALFONSO","GONZALEZ MONTIEL,ALFONSO",100.0,fl:al_ln:gonzalezmontiel-1,21599.0
"FLORES SANTOS,LETICIA","FLORES SANTOS,LETICIA",100.0,fl:le_ln:floressantos-1,31374.0
"PINEDA HERRERA,MARIBEL","PINEDA HERRERA,MARIBEL",100.0,,35508.0
"TREJO RODRIGUEZ,ARTURO","TREJO RODRIGUEZ,ARTURO",100.0,,2081.0
"GUTIERREZ,LUIS FERNANDO","GUTIERREZ,LUIS",100.0,,20375.0
"DIAZ,DAVID MARTINEZ","DIAZ,DAVID",100.0,,6591.0
"ANGELES CHAVEZ,CARLOS","ANGELES CHAVEZ,CARLOS",100.0,fl:ca_ln:angeleschavez-1,20404.0
"LOPEZ SALINAS,ESTEBAN","LOPEZ SALINAS,ESTEBAN",100.0,fl:es_ln:lopezsalinas-2,14473.0
"TORRES GARCIA,ENELIO","TORRES GARCIA,ENELIO",100.0,,30320.0
"ESCOBAR AGUILAR,JOSE","ESCOBAR AGUILAR,JOSE",100.0,fl:jo_ln:escobaraguilar-1,16568.0
"GUTIERREZ ALEJANDRE,AIDA","GUTIERREZ ALEJANDRE,AIDA",100.0,,19659.0
"FERRAT TORRES,GERARDO","FERRAT TORRES,GERARDO",100.0,fl:ge_ln:ferrattorres-1,25092.0
"MOSQUEIRA MONDRAGON,MARIA DE LOURDES","MOSQUEIRA MONDRAGON,MARIA DE LOURDES ARACELI",100.0,fl:ma_ln:mosqueiramondragon-1,120179.0
"CORTES JACOME,MARIA ANTONIA","CORTES JACOME,MARIA ANTONIA",100.0,fl:ma_ln:cortesjacome-1,20476.0
"PEREZ LUNA,MIGUEL","PEREZ LUNA,MIGUEL",100.0,fl:mi_ln:perezluna-1,9129.0
"TOLEDO ANTONIO,JOSE ANTONIO","TOLEDO ANTONIO,JOSE ANTONIO",100.0,fl:jo_ln:toledoantonio-1,12450.0
"MENESES RUIZ,EDITH","MENESES RUIZ,EDITH",100.0,fl:ed_ln:menesesruiz-1,175051.0
"PANIAGUA CHAVEZ,CARMEN GUADALUPE","PANIAGUA CHAVEZ,CARMEN GUADALUPE",100.0,,22245.0
"VELA GARCIA,LUIS RENE","VELA GARCIA,LUIS RENE",100.0,,332532.0
"VASILIEVNA KHARISSOVA,OXANA","VASILIEVNA KHARISSOVA,OXANA",100.0,,25984.0
"PENA PARAS,LAURA","PENA PARAS,LAURA",100.0,,46151.0
"MALDONADO CORTES,DEMOFILO","MALDONADO CORTES,DEMOFILO",100.0,,66743.0
"RAMIREZ SABAG,JETZABETH","RAMIREZ SABAG,JETZABETH",100.0,fl:je_ln:ramirezsabag-1,120276.0
"PANIAGUA SOLIS,JORGE FERNANDO","PANIAGUA SOLIS,JORGE FERNANDO",100.0,,120284.0
"LICEA NAVARRO,ALEXEI FEDOROVISH","LICEA NAVARRO,ALEXEI FEDOROVISH",100.0,,14434.0
"SANCHEZ CAMPOS,LILIANA NOEMI","SANCHEZ CAMPOS,LILIANA NOEMI",100.0,,48266.0
"SANTILLAN GODINEZ,ORLANDO","SANTILLAN GODINEZ,ORLANDO",100.0,fl:or_ln:santillangodinez-1,268929.0
"CABANILLAS LOPEZ,RAFAEL ENRIQUE","CABANILLAS LOPEZ,RAFAEL ENRIQUE",100.0,,120410.0
"MEDINA MENDOZA,ANA KARINA","MEDINA MENDOZA,ANA KARINA",100.0,,175137.0
"GONZALEZ VILLARREAL,JOSE ALEJANDRO","GONZALEZ VILLARREAL,JOSE ALEJANDRO",100.0,,201622.0
"TAMEZ PENA,JOSE","TAMEZ PENA,JOSE GERARDO",100.0,,67337.0
"TALAMANTES SILVA,JOSE","TALAMANTES SILVA,JOSE",100.0,,65351.0
"VITE VALLEJO,ODON","VITE VALLEJO,ODON",100.0,,48285.0
"RODRIGUEZ ZAPATA,LUIS CARLOS","RODRIGUEZ ZAPATA,LUIS CARLOS",100.0,,25068.0
"CASTANO DE LA SERNA,ENRIQUE","CASTANO DE LA SERNA,ENRIQUE",100.0,,26284.0
"PEREIRA SANTANA,ALEJANDRO","PEREIRA SANTANA,ALEJANDRO",100.0,,337027.0
"FIGUEROA YANEZ,LUIS JOEL","FIGUEROA YANEZ,LUIS JOEL",100.0,,130236.0
"LOPEZ,JUAN E","LOPEZ,JUAN",100.0,,4095.0
"RUIZ RUIZ,FEDERICO AUGUSTO","RUIZ RUIZ,FEDERICO AUGUSTO",100.0,,295368.0
"RITO PALOMARES,MARCO ANTONIO","RITO PALOMARES,MARCO ANTONIO",100.0,,9659.0
"VAZQUEZ VILLEGAS,OLGA PATRICIA","VAZQUEZ VILLEGAS,OLGA PATRICIA",100.0,,295236.0
"GUTIERREZ,LUIS","GUTIERREZ,LUIS",100.0,fl:jo_ln:gutierrezflores-1,20375.0
"ACOSTA GONZALEZ,GUILLERMO ENRIQUE","ACOSTA GONZALEZ,GUILLERMO ENRIQUE",100.0,,206514.0
"PEZZOTTI ROBLETO,FABIO","PEZZOTTI ROBLETO,FABIO",100.0,,39172.0
"BARROSO VILLA,JUAN GERARDO","BARROSO VILLA,JUAN GERARDO",100.0,,26201.0
"TERVEN SALINAS,JUAN RAMON","TERVEN SALINAS,JUAN RAMON",100.0,,492993.0
"CASTRO RAMOS,JORGE EMMANUEL","CASTRO RAMOS,JORGE",100.0,,19447.0
"OLIVARES LECONA,JOSE ALBERTO","OLIVARES LECONA,JOSE ALBERTO",100.0,,123136.0
"BERMUDEZ HUMARAN,LUIS","BERMUDEZ HUMARAN,LUIS GILBERTO",100.0,,91272.0
"TORRES MARAVILLA,EDGAR","TORRES MARAVILLA,EDGAR",100.0,,330523.0
"SANCHEZ PARDO,MARIA ELENA","SANCHEZ PARDO,MARIA ELENA",100.0,,253590.0
"LUNA AGUILAR,ESTEBAN ANTOLIN","LUNA AGUILAR,ESTEBAN ANTOLIN",100.0,,12060.0
"SALAS CASALES,LUIS","SALAS CASALES,LUIS",100.0,,1353.0
"RUIZ SCHNEIDER,ELFEGO GUILLERMO","RUIZ SCHNEIDER,ELFEGO GUILLERMO",100.0,,1355.0
"GUZMAN PANTOJA,JAVIER","GUZMAN PANTOJA,JAVIER",100.0,,121661.0
"MUNOZ ARROYO,JOSE ANTONIO","MUNOZ ARROYO,JOSE ANTONIO",100.0,,12061.0
"GARCIA CRUZ,ISIDORO","GARCIA CRUZ,ISIDORO",100.0,,14416.0
"VAZQUEZ CASTILLO,JAVIER","VAZQUEZ CASTILLO,JAVIER",100.0,,98123.0
"CENDEJAS ZARAGOZA,LEOPOLDO","CENDEJAS ZARAGOZA,LEOPOLDO",100.0,,647956.0
"GONGORA CASTILLO,ELSA BEATRIZ","GONGORA CASTILLO,ELSA BEATRIZ",100.0,,166891.0
"RANGEL PATINO,FRANCISCO","RANGEL PATINO,FRANCISCO ELIAS",100.0,,64279.0
"MARTINEZ CHAPA,SERGIO OMAR","MARTINEZ CHAPA,SERGIO OMAR",100.0,,31803.0
"CHAUHAN,GAURAV","CHAUHAN,GAURAV",100.0,,898832.0
"GARCIA GONZALEZ,ALEJANDRO","GARCIA GONZALEZ,ALEJANDRO",100.0,,217041.0
"FUENTES AGUILAR,RITA QUETZIQUEL","FUENTES AGUILAR,RITA QUETZIQUEL",100.0,,229297.0
"ESPINOZA GONZALEZ,CARLOS JOSE","ESPINOZA GONZALEZ,CARLOS JOSE",100.0,,291372.0
"IBARRA LACLETTE,ENRIQUE","IBARRA LACLETTE,ENRIQUE",100.0,,268306.0
"ROMERO GARCIA,JORGE","ROMERO GARCIA,JORGE",100.0,,10873.0
"PARIONA MENDOZA,NICOLAZA","PARIONA MENDOZA,NICOLAZA",100.0,,406481.0
"PEREZ TORRES,CLAUDIA ANAHI","PEREZ TORRES,CLAUDIA ANAHI",100.0,,41801.0
"GONZALEZ HERRERA,IRMA GABRIELA","GONZALEZ HERRERA,IRMA GABRIELA",100.0,,201100.0
"MONDRAGON GONZALEZ,RICARDO","MONDRAGON GONZALEZ,RICARDO",100.0,,483369.0
"XICOHTENCATL CORTES,JUAN","XICOHTENCATL CORTES,JUAN",100.0,,37744.0
"LUNA PINEDA,VICTOR MANUEL","LUNA PINEDA,VICTOR MANUEL",100.0,,261764.0
"SOTO EGUIBAR,ENRIQUE","SOTO EGUIBAR,ENRIQUE",100.0,,608.0
"ALEKSANDROV,VLADIMIR","ALEKSANDROV,VLADIMIR",100.0,,15932.0
"RODRIGUEZ FERNANDEZ,OLIVERIO SANTIAGO","RODRIGUEZ FERNANDEZ,OLIVERIO SANTIAGO",100.0,,6041.0
"FERNANDEZ TAVIZON,SALVADOR","FERNANDEZ TAVIZON,SALVADOR",100.0,,265090.0
"PORTALES MARTINEZ,BENJAMIN","PORTALES MARTINEZ,BENJAMIN",100.0,,173203.0
"HERNANDEZ,DANIEL JOSEPH","HERNANDEZ,DANIEL",100.0,fl:da_ln:hernandez-5,11967.0
"FERNANDEZ FUENTES,ANTONIO","FERNANDEZ FUENTES,ANTONIO",100.0,,18998.0
"VARGAS GUTIERREZ,GREGORIO","VARGAS GUTIERREZ,GREGORIO",100.0,,350.0
"PERALES MARTINEZ,IMPERIO","PERALES MARTINEZ,IMPERIO ANEL",100.0,,296992.0
"HERNANDEZ MAYA,ROBERTO CARLOS","HERNANDEZ MAYA,ROBERTO CARLOS",100.0,,174688.0
"AGUILAR TOALA,JOSE ELEAZAR","AGUILAR TOALA,JOSE ELEAZAR",100.0,,491017.0
"ILIZALITURRI SANCHEZ,VICTOR","ILIZALITURRI SANCHEZ,VICTOR MANUEL",100.0,,122140.0
"RAMOS ALARCON BARROSO,FERNANDO","RAMOS ALARCON BARROSO,FERNANDO LUIS",100.0,,201193.0
"CABRERA LLANOS,ROBERTO MARCOS","CABRERA LLANOS,ROBERTO MARCOS",100.0,,30202.0
"QUINTERO FLORES,RAUL GERARDO","QUINTERO FLORES,RAUL",100.0,,32168.0
"VIRAMONTES BROWN,RICARDO","VIRAMONTES BROWN,RICARDO",100.0,,30290.0
"SAAVEDRA DURAN,RAFAEL","SAAVEDRA DURAN,RAFAEL SIMITRIO",100.0,,11729.0
"BERMUDEZ MENDIZABAL,OSCAR","BERMUDEZ MENDIZABAL,OSCAR HUMBERTO",100.0,,30360.0
"CARRILLO PEDROZA,FRANCISCO RAUL","CARRILLO PEDROZA,FRANCISCO RAUL",100.0,,16779.0
"URIBE SALAS,ALEJANDRO","URIBE SALAS,ALEJANDRO",100.0,,12460.0
"CAMPORREDONDO SAUCEDO,JESUS EMILIO","CAMPORREDONDO SAUCEDO,JESUS EMILIO",100.0,,66089.0
"CASTILLEJOS ESCOBAR,ALFONSO HUMBERTO","CASTILLEJOS ESCOBAR,ALFONSO HUMBERTO",100.0,,6960.0
"ELIZALDE SILLER,HUGO RAMON","ELIZALDE SILLER,HUGO RAMON",100.0,,201028.0
"PEREZ GONZALEZ,RAUL","PEREZ GONZALEZ,RAUL",100.0,,79549.0
"VALTIERRA GALLARDO,SALVADOR","VALTIERRA GALLARDO,SALVADOR",100.0,,8316.0
"LOPEZ CUEVAS,JORGE","LOPEZ CUEVAS,JORGE",100.0,,16023.0
"BOUDA,JAN","BOUDA,JAN",100.0,,15453.0
"ARIAS ESTRADA,MIGUEL","ARIAS ESTRADA,MIGUEL OCTAVIO",100.0,,20965.0
"MIRANDA GUERRERO,ROBERTO","MIRANDA GUERRERO,ROBERTO",100.0,fl:ro_ln:mirandaguerrero-1,22387.0
"SANCHEZ SINENCIO,FELICIANO","SANCHEZ SINENCIO,FELICIANO",100.0,,1818.0
"RUIZ TORRES,MAXIMIANO","RUIZ TORRES,MAXIMIANO FRANCISCO",100.0,,121968.0
"MARTINEZ BUSTOS,FERNANDO","MARTINEZ BUSTOS,FERNANDO",100.0,,7992.0
"ZAMUDIO ZUNIGA,FERNANDO","ZAMUDIO ZUNIGA,FERNANDO",100.0,,10026.0
"BECERRIL LUJAN,BALTAZAR","BECERRIL LUJAN,BALTAZAR",100.0,,2325.0
"POSSANI POSTAY,LOURIVAL DOMINGOS","POSSANI POSTAY,LOURIVAL DOMINGOS",100.0,fl:lo_ln:possanipostay-2,653.0
"LOPEZ GOMEZ,RONALD VICTOR MANUEL","LOPEZ GOMEZ,RONALD VICTOR MANUEL",100.0,,30464.0
"GARCIA CANTU,RIGOBERTO","GARCIA CANTU,RIGOBERTO",100.0,,5073.0
"ALTUVE FERRER,HECTOR","ALTUVE FERRER,HECTOR JORGE",100.0,,33785.0
"GUERRERO SANTOS,RAMIRO","GUERRERO SANTOS,RAMIRO",100.0,,11153.0
"LARA OCHOA,JOSE MANUEL FRANCISCO","LARA OCHOA,JOSE MANUEL FRANCISCO",100.0,,2152.0
"KURI HARCUCH,WALID","KURI HARCUCH,WALID",100.0,,224.0
"DIAZ FLEISCHER,FRANCISCO","DIAZ FLEISCHER,FRANCISCO",100.0,,20098.0
"OGURA,TETSUYA","OGURA,TETSUYA",100.0,,10052.0
"LOPEZ SERRANO RAMOS,FRANCISCO","LOPEZ SERRANO RAMOS,FRANCISCO",100.0,,6297.0
"MARTINEZ ROMERO,OSCAR","MARTINEZ ROMERO,OSCAR",100.0,,278430.0
"MENDIETA JIMENEZ,FRANCISCO","MENDIETA JIMENEZ,FRANCISCO JAVIER",100.0,,684.0
"MIRIDONOV,SERGUEI","MIRIDONOV,SERGUEI",100.0,fl:se_ln:miridonov-1,13548.0
"SHLYAGIN,MIKHAIL G","SHLYAGIN,MIKHAIL",100.0,,14552.0
"AGUILAR FAISAL,JOSE LEOPOLDO","AGUILAR FAISAL,JOSE LEOPOLDO",100.0,,62583.0
"BAEZA RAMIREZ,MARIA ISABEL","BAEZA RAMIREZ,MARIA ISABEL",100.0,,1308.0
"LOREDO MURPHY,JORGE","LOREDO MURPHY,JORGE RAYMUNDO",100.0,,30886.0
"MASCORRO GALLARDO,JOSE OSCAR","MASCORRO GALLARDO,JOSE OSCAR",100.0,,9722.0
"ITURRIAGA DE LA FUENTE,GABRIEL","ITURRIAGA DE LA FUENTE,GABRIEL",100.0,,12667.0
"SOTELO LERMA,MERIDA","SOTELO LERMA,MERIDA",100.0,,8737.0
"GONZALEZ HERNANDEZ,GLORIA ANGELICA","GONZALEZ HERNANDEZ,GLORIA ANGELICA",100.0,,120509.0
"LIZCANO ZULAICA,CARLOS","LIZCANO ZULAICA,CARLOS JAVIER",100.0,,82731.0
"TERRES ROJAS,EDUARDO","TERRES ROJAS,EDUARDO",100.0,,201952.0
"MARQUEZ LUCERO,ALFREDO","MARQUEZ LUCERO,ALFREDO",100.0,,9956.0
"ALVAREZ,MARIO MOISES","ALVAREZ,MARIO MOISES",100.0,,26048.0
"CAMACHO LOPEZ,MIGUEL ANGEL","CAMACHO LOPEZ,MIGUEL ANGEL",100.0,,
"KEER RENDON,ARTURO","KEER RENDON,ARTURO",100.0,,19733.0
"ALCANTARA,MIGUEL","ALCANTARA,MIGUEL ANGEL",100.0,,1881.0
"GARCIA CASILLAS,PERLA ELVIA","GARCIA CASILLAS,PERLA ELVIA",100.0,,121455.0
"GARCIA LUNA,ARMANDO","GARCIA LUNA,ARMANDO",100.0,fl:ar_ln:garcialuna-1,33303.0
"RIVERON ROJAS,ANA MARIA","RIVERON ROJAS,ANA MARIA",100.0,,345939.0
"PEREZ PEREZ,GABRIEL","PEREZ PEREZ,GABRIEL",100.0,,35542.0
"CORVERA POIRE,EUGENIA","CORVERA POIRE,EUGENIA",100.0,,20470.0
"DEL RIO PORTILLA,JESUS","DEL RIO PORTILLA,JESUS ANTONIO",100.0,,8547.0
"LOPEZ DE HARO,MARIANO","LOPEZ DE HARO,MARIANO",100.0,,1118.0
"SAUCEDO FLORES,EMMANUEL","SAUCEDO FLORES,EMMANUEL",100.0,,784.0
"ELIZONDO RIOJAS,GUILLERMO","ELIZONDO RIOJAS,GUILLERMO",100.0,,228491.0
"GURROLA BRIONES,GEORGINA","GURROLA BRIONES,GEORGINA",100.0,,6456.0
"VALDEZ CRUZ,NORMA ADRIANA","VALDEZ CRUZ,NORMA ADRIANA",100.0,,90992.0
"CORONA VILLEGAS,MIGUEL","CORONA VILLEGAS,MIGUEL",100.0,,15446.0
"QUIROZ MERCADO,HUGO","QUIROZ MERCADO,HUGO",100.0,,200980.0
"RIANO UMBARILA,LIDIA","RIANO UMBARILA,LIDIA",100.0,,217137.0
"ADAMS,RANDY HOWARD","ADAMS,RANDY HOWARD",100.0,,230384.0
"LOZADA Y CASSOU,MARCELO","LOZADA Y CASSOU,MARCELO",100.0,,1210.0
"RUIZ MORALES,YOSADARA","RUIZ MORALES,YOSADARA",100.0,fl:yo_ln:ruizmorales-1,20657.0
"MORA VALLEJO,RODOLFO JUVENTINO","MORA VALLEJO,RODOLFO JUVENTINO",100.0,fl:ro_ln:moravallejo-1,281273.0
"SERNA SALDIVAR,SERGIO","SERNA SALDIVAR,SERGIO ROMAN OTHON",100.0,,3598.0
"ORTIZ ALEMAN,JOSE  CARLOS","ORTIZ ALEMAN,JOSE CARLOS",100.0,,14581.0
"ROJAS GARCIA,JOSE MANUEL","ROJAS GARCIA,JOSE MANUEL",100.0,,65718.0
"GONZALEZ HERNANDEZ,CARLOS","GONZALEZ HERNANDEZ,CARLOS",100.0,,170443.0
"MALDONADO RODRIGUEZ,ROGELIO","MALDONADO RODRIGUEZ,ROGELIO",100.0,,2844.0
"MENDEZ TENORIO,ALFONSO","MENDEZ TENORIO,ALFONSO",100.0,,79234.0
"PERAZA ECHEVERRIA,SANTY","PERAZA ECHEVERRIA,SANTY",100.0,,90262.0
"FLORES FLORES,RODOLFO","FLORES FLORES,RODOLFO",100.0,,15166.0
"MORALES BALADO,GRACIELA","MORALES BALADO,GRACIELA ELIZABETH",100.0,,20236.0
"DIAZ DE LEON GOMEZ,RAMON ENRIQUE","DIAZ DE LEON GOMEZ,RAMON ENRIQUE",100.0,,89499.0
"RAMOS ORTIZ,GABRIEL","RAMOS ORTIZ,GABRIEL",100.0,,121563.0
"LOPEZ LAGUNAS,ABELARDO","LOPEZ LAGUNAS,ABELARDO",100.0,,201451.0
"LOPEZ MACIAS,CONSTANTINO III ROBERTO","LOPEZ MACIAS,CONSTANTINO III ROBERTO",100.0,,16329.0
"LOPEZ VIDAL,YOLANDA","LOPEZ VIDAL,YOLANDA",100.0,,5656.0
"ARREDONDO HERNANDEZ,LUIS JOSE","ARREDONDO HERNANDEZ,LUIS JOSE RENE",100.0,,175445.0
"HERRERA ESTRELLA,ALFREDO HERIBERTO","HERRERA ESTRELLA,ALFREDO HERIBERTO",100.0,,11188.0
"MARTINEZ HERNANDEZ,JOSE","MARTINEZ HERNANDEZ,JOSE GUADALUPE",100.0,,10083.0
"ESTRADA GUEL,IVANOVICH","ESTRADA GUEL,IVANOVICH",100.0,,93521.0
"ESCOBAR VALDERRAMA,GERARDO","ESCOBAR VALDERRAMA,GERARDO",100.0,,25941.0
"MARTINEZ MONTEJANO,MISAEL FRANSISCO","MARTINEZ MONTEJANO,MISAEL",100.0,,42380.0
"TORRES OLGUIN,RAYMUNDO ENRIQUE","TORRES OLGUIN,RAYMUNDO ENRIQUE",100.0,,167873.0
"VALDEZ FERNANDEZ,ANDRES ALEJANDRO","VALDEZ FERNANDEZ,ANDRES ALEJANDRO",100.0,,46926.0
"LOPEZ CANOVAS,LILIA","LOPEZ CANOVAS,LILIA",100.0,,306084.0
"SANCHEZ CANTU,MANUEL","SANCHEZ CANTU,MANUEL",100.0,,43395.0
"MAS OLIVA,JAIME","MAS OLIVA,JAIME",100.0,,2668.0
"ALONSO GARCIA,ANA LUCIA","ALONSO GARCIA,ANA LUCIA",100.0,,201218.0
"MORALES REYES,ALICIA","MORALES REYES,ALICIA",100.0,,40523.0
"ZOLOTUKHIN,MIKHAIL","ZOLOTUKHIN,MIKHAIL",100.0,,122236.0
"KNIAJANSKI,SERGEI","KNIAJANSKI,SERGEI YAKOVLEVICH",100.0,,15982.0
"GARCIA RAMIREZ,MARCELA","GARCIA RAMIREZ,MARCELA MARIA ELENA",100.0,,15165.0
"CADENAS PLIEGO,GREGORIO","CADENAS PLIEGO,GREGORIO",100.0,,13972.0
"WONG RAMIREZ,CARLOS","WONG RAMIREZ,CARLOS",100.0,,2442.0
"IBANEZ HERNANDEZ,MIGUEL ANGEL","IBANEZ HERNANDEZ,MIGUEL ANGEL ANTONIO",100.0,,271791.0
"CRUZ BARBA,LUIS EMILIO","CRUZ BARBA,LUIS EMILIO",100.0,,201204.0
"FLORES VALDEZ,MARIO ALBERTO","FLORES VALDEZ,MARIO ALBERTO",100.0,,83675.0
"ALONSO MARTINEZ,FERNANDO","ALONSO MARTINEZ,FERNANDO",100.0,fl:fe_ln:alonsomartinez-1,253776.0
"RANA,MOHAN SINGH","RANA,MOHAN SINGH",100.0,,121760.0
"PEREZ MORENO,VICTOR","PEREZ MORENO,VICTOR",100.0,fl:vi_ln:perezmoreno-1,25017.0
"CHAPELA CASTANARES,VICTOR MANUEL","CHAPELA CASTANARES,VICTOR MANUEL",100.0,,16053.0
"PERCINO ZACARIAS,MARIA JUDITH","PERCINO ZACARIAS,MARIA JUDITH",100.0,,14138.0
"HERNANDEZ BELLO,ROMEL","HERNANDEZ BELLO,ROMEL",100.0,,38967.0
"MARTINEZ GOMEZ,ALVARO DE JESUS","MARTINEZ GOMEZ,ALVARO DE JESUS",100.0,,22295.0
"ALAGON CANO,ALEJANDRO","ALAGON CANO,ALEJANDRO",100.0,,1611.0
"RODRIGUEZ DOMINGUEZ,JOSE MANUEL","RODRIGUEZ DOMINGUEZ,JOSE MANUEL",100.0,,238583.0
"ORTEGA GARCIA,BEATRIZ","ORTEGA GARCIA,BEATRIZ",100.0,,443844.0
"ROMAN AGUIRRE,MANUEL","ROMAN AGUIRRE,MANUEL",100.0,,95531.0
"AGUILAR ELGUEZABAL,ALFREDO","AGUILAR ELGUEZABAL,ALFREDO",100.0,fl:al_ln:elguezabal-1,15983.0
"BUENABAD CHAVEZ,JORGE","BUENABAD CHAVEZ,JORGE",100.0,,120221.0
"RAZO FLORES,ELIAS","RAZO FLORES,ELIAS",100.0,,10925.0
"RANGEL MENDEZ,JOSE RENE","RANGEL MENDEZ,JOSE RENE",100.0,,121610.0
"PLASCENCIA MORA,HECTOR","PLASCENCIA MORA,HECTOR",100.0,,48849.0
"AGUILERA GOMEZ,EDUARDO","AGUILERA GOMEZ,EDUARDO",100.0,,200968.0
"OJEDA CASTANEDA,JORGE","OJEDA CASTANEDA,JORGE",100.0,,1401.0
"TORRES CISNEROS,MIGUEL","TORRES CISNEROS,MIGUEL",100.0,,12567.0
"DUARTE VAZQUEZ,MIGUEL ANGEL","DUARTE VAZQUEZ,MIGUEL ANGEL",100.0,,30929.0
"DE LA CRUZ CORDERO,RICARDO ABRAHAM","DE LA CRUZ CORDERO,RICARDO ABRAHAM",100.0,fl:ri_ln:delacruzcordero-1,121952.0
"BOSQUES PADILLA,FRANCISCO JAVIER","BOSQUES PADILLA,FRANCISCO JAVIER",100.0,,13082.0
"CORTES RAMIREZ,JORGE ARMANDO","CORTES RAMIREZ,JORGE ARMANDO",100.0,,201839.0
"ALTAGRACIA MARTINEZ,MARINA","ALTAGRACIA MARTINEZ,MARINA",100.0,,9230.0
"NADER KAWACHI,JUAN","NADER KAWACHI,JUAN ALBERTO",100.0,,
"RIOS CASTANEDA,LUIS CAMILO","RIOS CASTANEDA,LUIS CAMILO",100.0,fl:lu_ln:rioscastaneda-1,5641.0
"HERNANDEZ ROJO,MARCO ANTONIO","HERNANDEZ ROJO,MARCO ANTONIO",100.0,,120886.0
"ALDAYA GARDE,IVAN ARITZ","ALDAYA GARDE,IVAN ARITZ",100.0,,322867.0
"CASTANON AVILA,GERARDO ANTONIO","CASTANON AVILA,GERARDO ANTONIO",100.0,,30281.0
"SANCHEZ LOPEZ,ROSANA","SANCHEZ LOPEZ,ROSANA",100.0,,13314.0
"ALVAREZ CONTRERAS,LORENA","ALVAREZ CONTRERAS,LORENA",100.0,fl:lo_ln:alvarezcontreras-1,122064.0
"TERRONES MALDONADO,MAURICIO","TERRONES MALDONADO,MAURICIO",100.0,,20519.0
"BOTELLO MENDEZ,ANDRES RAFAEL","BOTELLO MENDEZ,ANDRES RAFAEL",100.0,,174801.0
"ROSADO LORIA,JORGE LUIS","ROSADO LORIA,JORGE LUIS",100.0,,3431.0
"LOPEZ GOERNE,TESSY MARIA","LOPEZ GOERNE,TESSY MARIA",100.0,,7454.0
"ALVARADO,MARIA","ALVARADO,MARIA DEL SOCORRO",100.0,,220686.0
"LAREDO SANCHEZ,GEORGINA CECILIA","LAREDO SANCHEZ,GEORGINA CECILIA",100.0,fl:ge_ln:laredosanchez-1,6114.0
"TOVAR LOPEZ,FRANCISCO JAVIER","TOVAR LOPEZ,FRANCISCO JAVIER",100.0,fl:fr_ln:tovarlopez-1,177610.0
"GUERRA ZUBIAGA,DAVID APOLINAR","GUERRA ZUBIAGA,DAVID APOLINAR",100.0,fl:da_ln:guerrazubiaga-1,122423.0
"CONTRERAS DE LEON,JOSE EULALIO","CONTRERAS DE LEON,JOSE EULALIO",100.0,fl:jo_ln:contrerasdeleon-1,39014.0
"NAVA DOMINGUEZ,PORFIRIO","NAVA DOMINGUEZ,PORFIRIO",100.0,,37571.0
"CANTO IBANEZ,JORGE JOAQUIN","CANTO IBANEZ,JORGE JOAQUIN",100.0,fl:jo_ln:ibanez-1,131176.0
"MARTINEZ GOMEZ,LORENZO","MARTINEZ GOMEZ,LORENZO",100.0,,483.0
"FERREIRA BATISTA,CESAR VICENTE","FERREIRA BATISTA,CESAR VICENTE",100.0,,26228.0
"LUNA PIZARRO,DANIEL","LUNA PIZARRO,DANIEL",100.0,,122376.0
"PEREZ SANCHEZ,ALFONSO","PEREZ SANCHEZ,ALFONSO",100.0,,78029.0
"SALMON SALAZAR,MANUEL DE JESUS","SALMON SALAZAR,MANUEL DE JESUS",100.0,,790.0
"MONTERO HERNANDEZ,OSCAR","MONTERO HERNANDEZ,OSCAR CIRINO",100.0,,120263.0
"MARTINEZ TELLEZ,MIGUEL ANGEL","MARTINEZ TELLEZ,MIGUEL ANGEL",100.0,,10845.0
"VARGAS ARISPURO,IRASEMA DEL CARMEN","VARGAS ARISPURO,IRASEMA DEL CARMEN",100.0,,16470.0
"SANCHEZ CASTREJON,EDNA","SANCHEZ CASTREJON,EDNA",100.0,,35472.0
"ORNELAS DAVILA,OMAR","ORNELAS DAVILA,OMAR",100.0,,692171.0
"ELIZALDE GONZALEZ,MARIA DE LA PAZ","ELIZALDE GONZALEZ,MARIA DE LA PAZ",100.0,,3501.0
"DAVILA JIMENEZ,MARTIN MARINO","DAVILA JIMENEZ,MARTIN MARINO",100.0,,4556.0
"SOTO PEREDO,CLAUDIA ANGELICA","SOTO PEREDO,CLAUDIA ANGELICA",100.0,,8148.0
"VILLA TREVINO,SAUL","VILLA Y TREVINO,SAUL",100.0,,3864.0
"CHAGOYA HAZAS,VICTORIA EUGENIA","CHAGOYA Y HAZAS,VICTORIA EUGENIA",100.0,,2409.0
"HERNANDEZ MUNOZ,ROLANDO EFRAIN","HERNANDEZ MUNOZ,ROLANDO EFRAIN",100.0,,7872.0
"PEREZ MARTINEZ,FRANCISCO JAVIER","PEREZ MARTINEZ,FRANCISCO",100.0,,217773.0
"LUNA GARCIA,JESUS","LUNA GARCIA,JESUS",100.0,,200091.0
"LOPEZ BUCIO,JOSE","LOPEZ BUCIO,JOSE",100.0,,26254.0
"MOLINA TORRES,JORGE","MOLINA TORRES,JORGE",100.0,,665.0
"TERRONES MALDONADO,HUMBERTO","TERRONES MALDONADO,HUMBERTO",100.0,,13679.0
"MARTINEZ ALANIS,MAURICIO","MARTINEZ ALANIS,MAURICIO",100.0,,267569.0
"AGUILERA CORTES,LUZ ANTONIO","AGUILERA CORTES,LUZ ANTONIO",100.0,,120376.0
"ROJAS GEORGE,GABRIEL","ROJAS GEORGE,GABRIEL",100.0,,264515.0
"UTRILLA CARRERI,JOSE","UTRILLA CARRERI,JOSE",100.0,,165121.0
"GOSSET LAGARDA,GUILLERMO","GOSSET LAGARDA,GUILLERMO",100.0,,7469.0
"MARTINEZ JIMENEZ,ALFREDO","MARTINEZ JIMENEZ,ALFREDO",100.0,,9834.0
"HUERTA BERISTAIN,GERARDO","HUERTA BERISTAIN,GERARDO",100.0,,161532.0
"SALGADO CEBALLOS,HERMELINDA","SALGADO CEBALLOS,HERMELINDA",100.0,,120560.0
"CRUZ CRUZ,GUILLERMO JESUS","CRUZ CRUZ,GUILLERMO JESUS",100.0,,6159.0
"MORALES GUADARRAMA,JUAN CARLOS AXAYACATL","MORALES GUADARRAMA,JUAN CARLOS AXAYACATL",100.0,,169039.0
"MORALES CORONA,JUAN","MORALES CORONA,JUAN",100.0,,19386.0
"ALVAREZ MEJIA,ANA LAURA","ALVAREZ MEJIA,ANA LAURA",100.0,,172211.0
"OLAYO GONZALEZ,MARIA GUADALUPE","OLAYO GONZALEZ,MARIA GUADALUPE",100.0,,6160.0
"DIAZ RUIZ,MARIA DE LOS ANGELES ARACELI","DIAZ RUIZ,MARIA DE LOS ANGELES ARACELI",100.0,,21826.0
"OLAYO GONZALEZ,ROBERTO","OLAYO GONZALEZ,ROBERTO",100.0,,2406.0
"VELASCO TELLEZ,ABRAHAM","VELASCO TELLEZ,ABRAHAM",100.0,,218266.0
"PALAFOX RAMOS,JORGE","PALAFOX RAMOS,JORGE",100.0,,120816.0
"RODRIGUEZ LELIS,JOSE MARIA","RODRIGUEZ LELIS,JOSE MARIA",100.0,,120214.0
"CAMPOS CANTON,ISAAC","CAMPOS CANTON,ISAAC",100.0,,121080.0
"GUZMAN LUCERO,DIEGO JAVIER","GUZMAN LUCERO,DIEGO JAVIER",100.0,fl:di_ln:guzmanlucero-1,121688.0
"PALOMEQUE SANTIAGO,JORGE FROYLAN","PALOMEQUE SANTIAGO,JORGE FROYLAN",100.0,fl:jo_ln:palomequesantiago-1,30322.0
"VALENCIA GALLEGOS,JESUS ANGEL","VALENCIA GALLEGOS,JESUS ANGEL",100.0,,201460.0
"BARREIRO RODRIGUEZ,GUADALUPE","BARREIRO RODRIGUEZ,GUADALUPE",100.0,,104444.0
"YANEZ LIMON,JOSE MARTIN","YANEZ LIMON,JOSE MARTIN",100.0,,14570.0
"CONTRERAS SERVIN,CARLOS ALBERTO","CONTRERAS SERVIN,CARLOS",100.0,,121584.0
"HERRERA GOMEZ,ALBERTO","HERRERA GOMEZ,ALBERTO",100.0,,15110.0
"KUSSUL,ERNST","KUSSUL,ERNST",100.0,,21024.0
"LARA ROSANO,FELIPE DE JESUS","LARA ROSANO,FELIPE DE JESUS",100.0,,666.0
"BRUCE DAVIDSON,NEIL CHARLES","BRUCE DAVIDSON,NEIL CHARLES",100.0,,15177.0
"ASCANIO GASCA,GABRIEL","ASCANIO GASCA,GABRIEL",100.0,,19551.0
"SANIGER BLESA,JOSE MANUEL","SANIGER BLESA,JOSE MANUEL",100.0,,6275.0
"BAYDYK,TETYANA","BAYDYK,TETYANA",100.0,,25115.0
"VARGAS MAGANA,MARCOS CESAR","VARGAS MAGANA,MARCOS CESAR",100.0,,289686.0
"MARTINEZ MARTINEZ,JESUS MANUEL","MARTINEZ MARTINEZ,JESUS",100.0,fl:je_ln:martinezmartinez-1,350779.0
"GALINDO SEVILLA,NORMA DEL CARMEN","GALINDO SEVILLA,NORMA DEL CARMEN",100.0,,216439.0
"HERNANDEZ LUIS,FRANCISCO","HERNANDEZ LUIS,FRANCISCO",100.0,,14831.0
"PENA CABRERA,EDUARDO","PENA CABRERA,EDUARDO",100.0,fl:ed_ln:penacabrera-1,15649.0
"GARNICA GARZA,HECTOR MAURICIO","GARNICA GARZA,HECTOR MAURICIO",100.0,,123624.0
"ACOSTA SALMON,HECTOR","ACOSTA SALMON,HECTOR",100.0,,35454.0
"VEGA MERINO,PEDRO MARTIN","VEGA MERINO,PEDRO MARTIN",100.0,,296717.0
"BUENROSTRO GONZALEZ,EDUARDO","BUENROSTRO GONZALEZ,EDUARDO",100.0,fl:ed_ln:buenrostrogonzalez-1,30912.0
"SANCHEZ MACHADO,DALIA ISABEL","SANCHEZ MACHADO,DALIA ISABEL",100.0,,121308.0
"LOPEZ ZAVALA,MIGUEL ANGEL","LOPEZ ZAVALA,MIGUEL ANGEL",100.0,,37056.0
"CENDEJAS SANTANA,GABRIEL","CENDEJAS SANTANA,GABRIEL",100.0,fl:ga_ln:cendejassantana-1,223181.0
"BARAJAS RAMIREZ,JUAN GONZALO","BARAJAS RAMIREZ,JUAN GONZALO",100.0,,121138.0
"FARIAS MANCILLA,JOSE RURIK","FARIAS MANCILLA,JOSE RURIK",100.0,,121190.0
"ORNELAS GUTIERREZ,CARLOS ELIAS","ORNELAS GUTIERREZ,CARLOS ELIAS",100.0,,495048.0
"GUERRERO SANCHEZ,WUIYEVALDO FERMIN","GUERRERO SANCHEZ,WUIYEVALDO FERMIN",100.0,,296669.0
"PLIEGO CARRILLO,ADRIANA CRISTINA","PLIEGO CARRILLO,ADRIANA CRISTINA",100.0,,345506.0
"VEGA Y SAENZ DE MIERA,MARIA DEL ROSARIO GUADALUPE","VEGA Y SAENZ DE MIERA,MARIA DEL ROSARIO GUADALUPE",100.0,,6477.0
"ORRANTIA BORUNDA,ERASMO","ORRANTIA BORUNDA,ERASMO",100.0,,121098.0
"RIVAS CACERES,RAYMUNDO RENE","RIVAS CACERES,RAYMUNDO RENE",100.0,,102150.0
"HERNANDEZ BELTRAN,NORMA ALICIA","HERNANDEZ BELTRAN,NORMA ALICIA",100.0,,253813.0
"CHAVEZ REYES,ARTURO","CHAVEZ REYES,ARTURO",100.0,,73542.0
"SOSA BLANCO,CESAR ALBERTO","SOSA BLANCO,CESAR ALBERTO",100.0,,26042.0
"LOPEZ GUERRERO,MIGUEL ANGEL","LOPEZ GUERRERO,MIGUEL",100.0,,123111.0
"WILLIAMS,JOHN","WILLIAMS,JOHN NEWHALL",100.0,,636756.0
"CHICUREL UZIEL,RICARDO","CHICUREL UZIEL,RICARDO",100.0,,1553.0
"QUEZADA RIVERA,JESUS JOSAFATH","QUEZADA RIVERA,JESUS JOSAFATH",100.0,,439748.0
"BORBOLLA ESCOBOZA,JOSE RAFAEL","BORBOLLA ESCOBOZA,JOSE RAFAEL",100.0,,16375.0
"MENDOZA DE LA CRUZ,JOSE LUIS","MENDOZA DE LA CRUZ,JOSE LUIS",100.0,fl:jo_ln:mendozadelacruz-1,278086.0
"RAMIREZ SALGADO,JOEL","RAMIREZ SALGADO,JOEL",100.0,,30084.0
"SUAREZ DOMINGUEZ,EDGARDO JONATHAN","SUAREZ DOMINGUEZ,EDGARDO JONATHAN",100.0,,213421.0
"HERNANDEZ AVALOS,PEDRO AARON","HERNANDEZ AVALOS,PEDRO AARON",100.0,,174444.0
"CUMPLIDO PARRA,RENE","CUMPLIDO PARRA,RENE ARMANDO",100.0,,30606.0
"FEREGRINO URIBE,CLAUDIA","FEREGRINO URIBE,CLAUDIA",100.0,,30083.0
"GOMEZ GOMEZ,ISABEL","GOMEZ GOMEZ,ISABEL",100.0,,32122.0
"MELGAR FERNANDEZ,ROBERTO CARLOS","MELGAR FERNANDEZ,ROBERTO CARLOS",100.0,,39936.0
"GRANADOS COVARRUBIAS,EVIN HAZAEL","GRANADOS COVARRUBIAS,EVIN HAZAEL",100.0,,48421.0
"PALACIOS GONZALEZ,EDUARDO","PALACIOS GONZALEZ,EDUARDO",100.0,,57417.0
"DOUDA,YOURI","DOUDA,YOURI",100.0,,19390.0
"BARCENAS CASTANEDA,MARIANA","BARCENAS CASTANEDA,MARIANA",100.0,,103994.0
"CHICUREL Y UZIEL,ENRIQUE JAIME","CHICUREL Y UZIEL,ENRIQUE JAIME",100.0,,2776.0
"REYES LOZANO,LEO HENDRIK","REYES LOZANO,LEO",100.0,,37631.0
"ESTRADA PARRA,SERGIO","ESTRADA PARRA,SERGIO ANTONIO",100.0,,1438.0
"PEREZ TAPIA,SONIA MAYRA","PEREZ TAPIA,SONIA MAYRA",100.0,,36168.0
"MARTINEZ JARQUIN,SANDRA","MARTINEZ JARQUIN,SANDRA",100.0,,375278.0
"WINKLER,ROBERT","WINKLER,ROBERT",100.0,,329891.0
"ZAPATA RENDON,BEATRIZ","ZAPATA RENDON,BEATRIZ",100.0,fl:be_ln:zapatarendon-1,15364.0
"CORTES ESPINOSA,DIANA VERONICA","CORTES ESPINOSA,DIANA VERONICA",100.0,,38786.0
"ABSALON CONSTANTINO,ANGEL EDUARDO","ABSALON CONSTANTINO,ANGEL EDUARDO",100.0,,42634.0
"MARTINEZ CASTANON,GABRIEL ALEJANDRO","MARTINEZ CASTANON,GABRIEL ALEJANDRO",100.0,,219645.0
"VAZQUEZ DURAN,ALMA GUADALUPE","VAZQUEZ DURAN,ALMA GUADALUPE",100.0,,101660.0
"MONTESINOS GOMEZ,ROSA DEL CARMEN","MONTESINOS GOMEZ,ROSA DEL CARMEN",100.0,,174587.0
"LEYVA INZUNZA,ZENAIDA CAROLINA","LEYVA INZUNZA,ZENAIDA CAROLINA",100.0,,174572.0
"PARRA SALDIVAR,ROBERTO","PARRA SALDIVAR,ROBERTO",100.0,,35753.0
"PAZ MICHEL,BRENDA ASTRID","PAZ MICHEL,BRENDA ASTRID",100.0,,47347.0
"RODRIGUEZ DE ANDA,EDUARDO","RODRIGUEZ DE ANDA,EDUARDO",100.0,,145117.0
"RAMIREZ GARNICA,MARCO ANTONIO","RAMIREZ GARNICA,MARCO ANTONIO",100.0,,89159.0
"CASTREJON VACIO,FERNANDO","CASTREJON VACIO,FERNANDO",100.0,,
"CHAVEZ MIYAUCHI,TOMAS EDUARDO","CHAVEZ MIYAUCHI,TOMAS EDUARDO",100.0,,333073.0
"ANGELES ALVAREZ,PEDRO GUILLERMO","ANGELES ALVAREZ,PEDRO GUILLERMO",100.0,,7729.0
"LUJAN MONTELONGO,JESUS ARMANDO","LUJAN MONTELONGO,JESUS ARMANDO",100.0,,48566.0
"ORDONEZ PALACIOS,JOSE MARIO","ORDONEZ PALACIOS,JOSE MARIO",100.0,,16485.0
"REYES ESPARZA,JORGE ALBERTO","REYES ESPARZA,JORGE ALBERTO",100.0,,11762.0
"AGUILAR VEGA,MANUEL DE JESUS","AGUILAR VEGA,MANUEL DE JESUS",100.0,,1898.0
"CASTRUITA DE LEON,GRISELDA","CASTRUITA DE LEON,GRISELDA",100.0,,161742.0
"NEIRA VELAZQUEZ,MARIA GUADALUPE","NEIRA VELAZQUEZ,MARIA GUADALUPE",100.0,,30450.0
"VALDIVIA BARRIENTOS,RICARDO","VALDIVIA BARRIENTOS,RICARDO",100.0,,252098.0
"SANTIAGO GARCIA,JOSE LUIS","SANTIAGO GARCIA,JOSE LUIS",100.0,,167016.0
"LORIA BASTARRACHEA,MARIA ISABEL DE LOS DOLORES","LORIA BASTARRACHEA,MARIA ISABEL DE LOS DOLORES",100.0,,255201.0
"GARCIA CERDA,LUIS ALFONSO","GARCIA CERDA,LUIS ALFONSO",100.0,,21795.0
"PERERA MERCADO,YIBRAN ARGENIS","PERERA MERCADO,YIBRAN ARGENIS",100.0,,312228.0
"PACHECO PACHECO,MARQUIDIA JOSSELINE","PACHECO PACHECO,MARQUIDIA JOSSELINE",100.0,,31913.0
"AGUILAR MENDOZA,GUILLERMO","AGUILAR MENDOZA,GUILLERMO",100.0,,294991.0
"CAMACHO LOPEZ,SANTIAGO","CAMACHO LOPEZ,SANTIAGO",100.0,,121359.0
"MIJAREZ CASTRO,RITO","MIJAREZ CASTRO,RITO",100.0,,212026.0
"RODRIGUEZ RODRIGUEZ,JOAQUIN HECTOR","RODRIGUEZ RODRIGUEZ,JOAQUIN HECTOR",100.0,,2309.0
"GARCIA GONZALEZ,VICTOR GUADALUPE","GARCIA GONZALEZ,VICTOR GUADALUPE",100.0,,218195.0
"DELGADO COELLO,BLANCA ALICIA","DELGADO COELLO,BLANCA ALICIA",100.0,,216957.0
"SERNA SALDIVAR,SERGIO ROMAN OTHON","SERNA SALDIVAR,SERGIO ROMAN OTHON",100.0,,3598.0
"SANTOS ZEA,LILIANA","SANTOS ZEA,LILIANA",100.0,,270166.0
"GALINDO ESQUIVEL,IGNACIO RENE","GALINDO ESQUIVEL,IGNACIO RENE",100.0,,87033.0
"JUAREZ RUIZ,JUAN MANUEL","JUAREZ RUIZ,JUAN MANUEL",100.0,,73863.0
"NAKAMURA LABASTIDA,EDGAR KIYOSHI","NAKAMURA LABASTIDA,EDGAR KIYOSHI",100.0,,88246.0
"MOUSATOV,ALEKSANDR","MOUSATOV,ALEKSANDR",100.0,,120579.0
"GORDILLO MOSCOSO,JOSE LUIS","GORDILLO MOSCOSO,JOSE LUIS",100.0,,120223.0
"VILLARREAL GUERRA,BLANCA LORENA","VILLARREAL GUERRA,BLANCA LORENA",100.0,,296920.0
"ESCOBAR BARRIOS,VLADIMIR ALONSO","ESCOBAR BARRIOS,VLADIMIR ALONSO",100.0,,20870.0
"ZEPEDA PARTIDA,TRINO ARMANDO","ZEPEDA PARTIDA,TRINO ARMANDO",100.0,,43150.0
"ALONSO NUNEZ,GABRIEL","ALONSO NUNEZ,GABRIEL",100.0,,20109.0
"SMOLENTSEVA,ELENA","SMOLENTSEVA,ELENA",100.0,,253143.0
"DIAZ DE LEON HERNANDEZ,JORGE NOE","DIAZ DE LEON HERNANDEZ,JORGE NOE",100.0,,164288.0
"CHAVEZ GOMEZ,BENJAMIN","CHAVEZ GOMEZ,BENJAMIN",100.0,,216476.0
"MARTINEZ DE LA ESCALERA,LORENZO MARTINEZ","MARTINEZ MARTINEZ DE LA ESCALERA,LORENZO",100.0,,171992.0
"ALVAREZ GAYOSSO,CARLOS ANDRES","ALVAREZ GAYOSSO,CARLOS ANDRES",100.0,,31368.0
"ACEVES DIEZ,ANGEL EMILIO","ACEVES DIEZ,ANGEL EMILIO",100.0,fl:an_ln:acevesdiez-1,50137.0
"MENDOZA DUARTE,MONICA ELVIRA","MENDOZA DUARTE,MONICA ELVIRA",100.0,,241546.0
"ZARAGOZA CONTRERAS,ERASTO ARMANDO","ZARAGOZA CONTRERAS,ERASTO ARMANDO",100.0,,21289.0
"FLORES GALLARDO,SERGIO GABRIEL","FLORES GALLARDO,SERGIO GABRIEL",100.0,,121780.0
"LARA MARTINEZ,REYNA","LARA MARTINEZ,REYNA",100.0,,98344.0
"RIVILLAS ACEVEDO,LINA ANDREA","RIVILLAS ACEVEDO,LINA ANDREA",100.0,,226358.0
"ISLAS ANDRADE,SERGIO AGUSTIN","ISLAS ANDRADE,SERGIO AGUSTIN",100.0,,8104.0
"JIMENEZ GARCIA,LUIS FELIPE","JIMENEZ GARCIA,LUIS FELIPE",100.0,,7676.0
"MORAN ANDRADE,JULIO","MORAN ANDRADE,JULIO EDUARDO ROQUE",100.0,,5444.0
"ALVAREZ MAJMUTOV,ANTON","ALVAREZ MAJMUTOV,ANTON",100.0,,170729.0
"AGUILA HERNANDEZ,JACINTO","AGUILA HERNANDEZ,JACINTO",100.0,,31869.0
"GARCIA FLORES,BLANCA ESTELA","GARCIA FLORES,BLANCA ESTELA",100.0,,121239.0
"ARAMBULA COSIO,FERNANDO","ARAMBULA COSIO,FERNANDO",100.0,,19252.0
"JIMENEZ CISNEROS,BLANCA ELENA","JIMENEZ CISNEROS,BLANCA ELENA",100.0,,5185.0
"BARRIOS PEREZ,JOSE ANTONIO","BARRIOS PEREZ,JOSE ANTONIO",100.0,,120898.0
"HERNANDEZ ROMERO,YANET MICAHELA","HERNANDEZ ROMERO,YANET MICAHELA",100.0,,81274.0
"BERNAD BERNAD,MARIA JOSEFA","BERNAD BERNAD,MARIA JOSEFA",100.0,,21157.0
"CORDOVA DIAZ,RENE KTNWA","CORDOVA DIAZ,RENE KTNWA",100.0,,272366.0
"VALDIVIEZO MIJANGOS,OSCAR CERAPIO","VALDIVIEZO MIJANGOS,OSCAR CERAPIO",100.0,,25669.0
"ESTRADA VARGAS,ANA PAULA","ESTRADA VARGAS,ANA PAULA",100.0,,50312.0
"BANUELOS SANCHEZ,PEDRO","BANUELOS SANCHEZ,PEDRO",100.0,,25130.0
"GONZALEZ HERNANDEZ,JESUS","GONZALEZ HERNANDEZ,JESUS",100.0,,3202.0
"LOPEZ ORTIZ,ALEJANDRO","LOPEZ ORTIZ,ALEJANDRO",100.0,,31243.0
"PEREZ ROBLES,JUAN FRANCISCO","PEREZ ROBLES,JUAN FRANCISCO",100.0,,3240.0
"MORALES VILLAGRAN,ALBERTO","MORALES VILLAGRAN,ALBERTO",100.0,,8142.0
"RAMIREZ AMADOR,SERGIO","RAMIREZ AMADOR,SERGIO",100.0,fl:se_ln:ramirezamador-1,6906.0
"AGUILAR ESCALANTE,RODOLFO ANTONIO","AGUILAR ESCALANTE,RODOLFO ANTONIO",100.0,,333228.0
"VACAS JACQUES,PAULINO","VACAS JACQUES,PAULINO",100.0,,104481.0
"SANCHEZ LLAMAZARES,JOSE LUIS","SANCHEZ LLAMAZARES,JOSE LUIS",100.0,,354626.0
"IBARRA GAYTAN,PABLO JESUS","IBARRA GAYTAN,PABLO JESUS",100.0,,424198.0
"SANCHEZ VALDES,CESAR FIDEL","SANCHEZ VALDES,CESAR FIDEL",100.0,,568021.0
"GONZALEZ RIOS,HUMBERTO","GONZALEZ RIOS,HUMBERTO",100.0,,66573.0
"ESPINO SOLIS,GERARDO PAVEL","ESPINO SOLIS,GERARDO PAVEL",100.0,,103834.0
"PEDRAZA ESCALONA,MARIA MARTHA","PEDRAZA ESCALONA,MARIA MARTHA",100.0,,37816.0
"OLVERA RODRIGUEZ,ALEJANDRO","OLVERA RODRIGUEZ,ALEJANDRO",100.0,,216693.0
"PEDROZA ISLAS,RUTH","PEDROZA ISLAS,RUTH",100.0,,6961.0
"GONZALEZ RODRIGUEZ,LUIS","GONZALEZ RODRIGUEZ,LUIS MARIO",100.0,fl:lu_ln:gonzalezrodriguez-1,209619.0
"RODRIGUEZ LEAL,ERNESTO","RODRIGUEZ LEAL,ERNESTO",100.0,,40818.0
"RODRIGUEZ ALCAZAR,JORGE","RODRIGUEZ ALCAZAR,JORGE",100.0,fl:jo_ln:alcazar-2,3809.0
"GARZON TIZNADO,JOSE ANTONIO","GARZON TIZNADO,JOSE ANTONIO",100.0,,3613.0
"BRAVO ZANOGUERA,MIGUEL","BRAVO ZANOGUERA,MIGUEL ENRIQUE",100.0,,30620.0
"ANTON PALMA,BENITO","ANTON PALMA,BENITO",100.0,fl:be_ln:palma-1,19714.0
"ALEMAN VAZQUEZ,LAURA OLIVIA ","ALEMAN VAZQUEZ,LAURA OLIVIA",100.0,fl:la_ln:alemanvazquez-1,122808.0
"AGUILAR ARMENDARIZ,RAMON ALBERTO","AGUILAR ARMENDARIZ,RAMON ALBERTO",100.0,,30200.0
"SACRISTAN ROCK,EMILIO","SACRISTAN ROCK,EMILIO",100.0,,16445.0
"ALONSO VILATELA,MARIA ELISA","ALONSO VILATELA,MARIA ELISA",100.0,,6452.0
"VILLARREAL TREVINO,JUAN ANTONIO","VILLARREAL TREVINO,JUAN ANTONIO",100.0,fl:ju_ln:villarrealtrevino-1,32126.0
"LIU,HONGBO","LIU,HONGBO",100.0,fl:ho_ln:liu-78,21624.0
