patent_number,patent_title,patent_date,inventor_city,inventor_country,inventor_first_name,inventor_first_seen_date,inventor_id,inventor_last_name,inventor_last_seen_date,inventor_lastknown_city,inventor_lastknown_country,inventor_sequence,inventor_state,inventor_state_fips,inventor_total_num_patents
10125226,"Scale-up process of bifunctionalized triblock copolymers with secondary and tertiary amines, with application in dewatering and desalting of heavy crude oils",2018-11-13,Mexico City,MX,Reyna,2017-08-29,fl:re_ln:reyesmartinez-2,Reyes Martinez,2019-01-01,Mexico City,MX,6,,,5
10125226,"Scale-up process of bifunctionalized triblock copolymers with secondary and tertiary amines, with application in dewatering and desalting of heavy crude oils",2018-11-13,Mexico City,MX,Aristeo,2014-08-26,fl:ar_ln:estradabuendia-1,Estrada Buendia,2019-02-26,Mexico City,MX,4,,,7
10125226,"Scale-up process of bifunctionalized triblock copolymers with secondary and tertiary amines, with application in dewatering and desalting of heavy crude oils",2018-11-13,Mexico City,MX,Eugenio Alejandro,2013-12-03,fl:eu_ln:floresoropeza-1,Flores Oropeza,2019-01-01,Mexico City,MX,1,,,17
10125226,"Scale-up process of bifunctionalized triblock copolymers with secondary and tertiary amines, with application in dewatering and desalting of heavy crude oils",2018-11-13,Mexico City,MX,Fernando,2008-08-26,fl:fe_ln:alvarezramirez-1,Alvarez Ramirez,2024-03-05,Mexico City,MX,7,,,22
10125226,"Scale-up process of bifunctionalized triblock copolymers with secondary and tertiary amines, with application in dewatering and desalting of heavy crude oils",2018-11-13,Mexico City,MX,Flavio Salvador,2014-08-26,fl:fl_ln:vazquezmoreno-1,Vazquez Moreno,2024-03-05,Mexico City,MX,9,,,23
10125226,"Scale-up process of bifunctionalized triblock copolymers with secondary and tertiary amines, with application in dewatering and desalting of heavy crude oils",2018-11-13,Mexico City,MX,Jose Gonzalo,2016-08-02,fl:jo_ln:hernandezcortez-1,Hernandez Cortez,2021-08-24,Mexico City,MX,3,,,9
10125226,"Scale-up process of bifunctionalized triblock copolymers with secondary and tertiary amines, with application in dewatering and desalting of heavy crude oils",2018-11-13,Mexico City,MX,Arquimedes,2016-08-02,fl:ar_ln:estradamartinez-2,ESTRADA MARTINEZ,2020-06-09,Mexico City,MX,8,,,13
10125226,"Scale-up process of bifunctionalized triblock copolymers with secondary and tertiary amines, with application in dewatering and desalting of heavy crude oils",2018-11-13,Mexico City,MX,Cesar Andres,2016-06-21,fl:ce_ln:floressandoval-1,FLORES SANDOVAL,2024-03-05,Mexico City,MX,0,,,16
10125226,"Scale-up process of bifunctionalized triblock copolymers with secondary and tertiary amines, with application in dewatering and desalting of heavy crude oils",2018-11-13,Mexico City,MX,Laura Veronica,2014-08-26,fl:la_ln:castrosotelo-1,Castro Sotelo,2019-02-26,Mexico City,MX,5,,,13
10125226,"Scale-up process of bifunctionalized triblock copolymers with secondary and tertiary amines, with application in dewatering and desalting of heavy crude oils",2018-11-13,Mexico City,MX,Alfonso,2016-08-02,fl:al_ln:lopezortega-1,LOPEZ ORTEGA,2022-03-01,Mexico City,MX,2,,,14
10190036,"Multifunctional foaming composition with wettability modifying, corrosion inhibitory and mineral scale inhibitory/dispersants properties for high temperature and ultra high salinity",2019-01-29,Xico,MX,Luis Silvestre,2013-08-27,fl:lu_ln:zamudiorivera-1,Zamudio Rivera,2022-07-12,Mexico City,MX,1,,,23
10190036,"Multifunctional foaming composition with wettability modifying, corrosion inhibitory and mineral scale inhibitory/dispersants properties for high temperature and ultra high salinity",2019-01-29,Xico,MX,Violeta Yazmin,2019-01-29,fl:vi_ln:menacervantes-1,Mena Cervantes,2021-10-19,Mexico City,MX,2,,,4
10190036,"Multifunctional foaming composition with wettability modifying, corrosion inhibitory and mineral scale inhibitory/dispersants properties for high temperature and ultra high salinity",2019-01-29,Xico,MX,Erick Emanuel,2015-07-07,fl:er_ln:lunarojero-1,Luna Rojero,2021-10-19,Mexico City,MX,3,,,7
10190036,"Multifunctional foaming composition with wettability modifying, corrosion inhibitory and mineral scale inhibitory/dispersants properties for high temperature and ultra high salinity",2019-01-29,Xico,MX,Mirna,2016-10-18,fl:mi_ln:ponsjimenez-1,Pons Jimenez,2022-07-12,Mexico City,MX,6,,,7
10190036,"Multifunctional foaming composition with wettability modifying, corrosion inhibitory and mineral scale inhibitory/dispersants properties for high temperature and ultra high salinity",2019-01-29,Xico,MX,David Aaron,2015-07-07,fl:da_ln:nietoalvarez-1,Nieto Alvarez,2021-10-19,Mexico City,MX,4,,,7
10190036,"Multifunctional foaming composition with wettability modifying, corrosion inhibitory and mineral scale inhibitory/dispersants properties for high temperature and ultra high salinity",2019-01-29,Xico,MX,Rodolfo,2016-10-18,fl:ro_ln:cisnerosdevora-1,Cisneros Devora,2021-10-19,Mexico City,MX,5,,,8
10190036,"Multifunctional foaming composition with wettability modifying, corrosion inhibitory and mineral scale inhibitory/dispersants properties for high temperature and ultra high salinity",2019-01-29,Xico,MX,America Elizabeth,2016-10-18,fl:am_ln:mendozaaguilar-1,Mendoza Aguilar,2021-10-19,Mexico City,MX,8,,,4
10190036,"Multifunctional foaming composition with wettability modifying, corrosion inhibitory and mineral scale inhibitory/dispersants properties for high temperature and ultra high salinity",2019-01-29,Xico,MX,Alejandro,2019-01-29,fl:al_ln:ramirezestrada-1,Ramirez Estrada,2022-07-12,Mexico City,MX,7,,,10
10190036,"Multifunctional foaming composition with wettability modifying, corrosion inhibitory and mineral scale inhibitory/dispersants properties for high temperature and ultra high salinity",2019-01-29,Xico,MX,Sung Jae,1999-12-28,fl:su_ln:kim-190,Kim,2024-05-21,Seoul,KR,9,,,82
10190036,"Multifunctional foaming composition with wettability modifying, corrosion inhibitory and mineral scale inhibitory/dispersants properties for high temperature and ultra high salinity",2019-01-29,Xico,MX,Raul,2013-08-27,fl:ra_ln:hernandezaltamirano-1,Hernandez Altamirano,2022-07-12,Mexico City,MX,0,,,23
10209400,Logging and correlation prediction plot in real-time,2019-02-19,Tabasco,MX,Concepcion,2019-02-19,fl:co_ln:isidroolan-1,Isidro Olan,2023-08-08,Villahermosa,MX,1,,,4
10209400,Logging and correlation prediction plot in real-time,2019-02-19,Houston,US,Rafael Angel,2016-12-06,fl:ra_ln:bermudezmartinez-1,Bermudez Martinez,2023-11-28,Houston,US,0,TX,48,14
10221349,Formulations of copolymers based on alkyl acrylates used as defoamers of heavy and super-heavy crude oils,2019-03-05,Mexico City,MX,Enrique,2019-02-26,fl:en_ln:cevadamaya-1,CEVADA MAYA,2024-03-05,Mexico City,MX,1,,,5
10221349,Formulations of copolymers based on alkyl acrylates used as defoamers of heavy and super-heavy crude oils,2019-03-05,Mexico City,MX,Alfonso,2016-08-02,fl:al_ln:lopezortega-1,LOPEZ ORTEGA,2022-03-01,Mexico City,MX,2,,,14
10221349,Formulations of copolymers based on alkyl acrylates used as defoamers of heavy and super-heavy crude oils,2019-03-05,Mexico City,MX,Fernando,2008-08-26,fl:fe_ln:alvarezramirez-1,Alvarez Ramirez,2024-03-05,Mexico City,MX,4,,,22
10221349,Formulations of copolymers based on alkyl acrylates used as defoamers of heavy and super-heavy crude oils,2019-03-05,Mexico City,MX,Cesar Andres,2016-06-21,fl:ce_ln:floressandoval-1,FLORES SANDOVAL,2024-03-05,Mexico City,MX,3,,,16
10221349,Formulations of copolymers based on alkyl acrylates used as defoamers of heavy and super-heavy crude oils,2019-03-05,Mexico City,MX,Flavio Salvador,2014-08-26,fl:fl_ln:vazquezmoreno-1,Vazquez Moreno,2024-03-05,Mexico City,MX,6,,,23
10221349,Formulations of copolymers based on alkyl acrylates used as defoamers of heavy and super-heavy crude oils,2019-03-05,Mexico City,MX,Arquimedes,2016-08-02,fl:ar_ln:estradamartinez-2,ESTRADA MARTINEZ,2020-06-09,Mexico City,MX,5,,,13
10221349,Formulations of copolymers based on alkyl acrylates used as defoamers of heavy and super-heavy crude oils,2019-03-05,Mexico City,MX,Edgar Ivan,2019-02-26,fl:ed_ln:hernandezcarbajal-1,Hernandez Carbajal,2021-04-20,Mexico City,MX,0,,,4
10436451,Cap to change inner flame burner to vertical flame,2019-10-08,Celaya,MX,Luis Javier,2019-10-08,fl:lu_ln:aguilar-3,Aguilar,2022-08-23,Celaya,MX,0,,,3
10436451,Cap to change inner flame burner to vertical flame,2019-10-08,Celaya,MX,Victor Gerardo Caloca,2011-09-06,fl:vi_ln:galindo-1,Galindo,2022-08-23,Celaya,MX,3,,,7
10436451,Cap to change inner flame burner to vertical flame,2019-10-08,Celaya,MX,Ana Katia Silva,2018-12-04,fl:an_ln:jimenez-16,Jimenez,2022-08-23,Celaya,MX,4,,,4
10436451,Cap to change inner flame burner to vertical flame,2019-10-08,Celaya,MX,Jonathan Tovar,2018-06-05,fl:jo_ln:balderas-2,Balderas,2022-08-23,Celaya,MX,1,,,6
10436451,Cap to change inner flame burner to vertical flame,2019-10-08,Celaya,MX,Victor,2010-06-15,fl:vi_ln:fajardo-2,Fajardo,2022-08-23,Celaya,MX,2,,,14
10587100,Enclosure for electrical network protection element,2020-03-10,El Control,MX,Luis,2019-09-24,fl:lu_ln:sanchezcabral-1,Sanchez Cabral,2023-03-21,Rio Rico,MX,2,,,5
10587100,Enclosure for electrical network protection element,2020-03-10,El Control,MX,Cecilia,2020-03-10,fl:ce_ln:espinozadiaz-1,Espinoza Diaz,2023-03-21,Rio Rico,MX,1,,,4
10587100,Enclosure for electrical network protection element,2020-03-10,Shreveport,US,Thomas Ambrose,2018-09-25,fl:th_ln:dauzat-1,Dauzat,2023-03-21,Shreveport,US,0,LA,22,7
10602848,Theater seating system with reclining seats and comfort divider,2020-03-31,Morelia,MX,Enrique Ramirez,2014-06-17,fl:en_ln:magana-1,Magana,2020-03-31,Morelia,MX,0,,,3
10669075,Cover cap with fitted gasket designed for sealing a metallic bottle,2020-06-02,El Control,MX,Eric Gerardo,2020-06-02,fl:er_ln:rodriguezbalbuena-1,Rodriguez Balbuena,2021-09-21,El Control,MX,2,,,2
10669075,Cover cap with fitted gasket designed for sealing a metallic bottle,2020-06-02,El Control,MX,Romualdo,2016-07-12,fl:ro_ln:seguraruiz-1,Segura Ruiz,2021-09-21,El Control,MX,1,,,3
10669075,Cover cap with fitted gasket designed for sealing a metallic bottle,2020-06-02,El Control,MX,Ana Karen,2020-06-02,fl:an_ln:melendezrivera-1,Melendez Rivera,2020-06-02,El Control,MX,3,,,1
10669075,Cover cap with fitted gasket designed for sealing a metallic bottle,2020-06-02,El Control,MX,Gilberto,2019-01-22,fl:gi_ln:roblesgonzalez-1,Robles Gonzalez,2021-09-21,El Control,MX,0,,,3
10807508,Two-piece all-weather floor mat with integrated snap-fit locking feature,2020-10-20,Mexico City,MX,Juan,1994-07-05,fl:ju_ln:dejesus-2,De Jesus,2020-10-20,Mexico City,MX,1,,,4
10807508,Two-piece all-weather floor mat with integrated snap-fit locking feature,2020-10-20,Ciudad del Carmen,MX,Santiago Manuel,2017-04-04,fl:sa_ln:parrabecerra-1,Parra Becerra,2020-10-20,Ciudad del Carmen,MX,0,,,6
10807508,Two-piece all-weather floor mat with integrated snap-fit locking feature,2020-10-20,Santiago Yancuitlalpan,MX,Leonardo Alonso,2019-01-22,fl:le_ln:huitron-1,Huitron,2023-10-24,Juarez,MX,2,,,8
10807508,Two-piece all-weather floor mat with integrated snap-fit locking feature,2020-10-20,Tecumseh,US,Paul,2019-01-22,fl:pa_ln:vredeveld-1,Vredeveld,2020-10-20,Tecumseh,US,3,MI,26,3
10836229,Leaf spring suspension system for a vehicle,2020-11-17,Plymouth,US,Anthony,2019-11-26,fl:an_ln:berlingieri-1,Berlingieri,2024-03-05,Plymouth,US,0,MI,26,11
10836229,Leaf spring suspension system for a vehicle,2020-11-17,Coahuila,MX,Jose G.,2020-03-31,fl:jo_ln:ruizjuarez-1,Ruiz Juarez,2023-05-30,Coahuila,MX,7,,,9
10836229,Leaf spring suspension system for a vehicle,2020-11-17,Coahuila,MX,Jose G.,2020-07-07,fl:jo_ln:delgado-10,Delgado,2022-04-19,Coahuila,MX,1,,,4
10836229,Leaf spring suspension system for a vehicle,2020-11-17,Coahuila,MX,Jesus Ernesto,2020-03-31,fl:je_ln:meza-1,Meza,2022-04-19,Coahuila,MX,5,,,6
10836229,Leaf spring suspension system for a vehicle,2020-11-17,Coahuila,MX,Jose Roberto,2020-07-07,fl:jo_ln:fraustorodriguez-1,Frausto Rodriguez,2022-04-19,Coahuila,MX,6,,,4
10836229,Leaf spring suspension system for a vehicle,2020-11-17,South Lyon,US,Robert W.,2020-07-07,fl:ro_ln:friedrichs-2,Friedrichs,2022-04-19,South Lyon,US,3,MI,26,4
10836229,Leaf spring suspension system for a vehicle,2020-11-17,Monroe,US,Chris,2002-10-01,fl:ch_ln:galea-1,Galea,2022-04-19,Monroe,US,4,MI,26,5
10836229,Leaf spring suspension system for a vehicle,2020-11-17,Ann Arbor,US,Ramon Heberto,2020-07-07,fl:ra_ln:diegoguedea-2,Diego Guedea,2024-03-05,Ann Arbor,US,2,MI,26,8
10836229,Leaf spring suspension system for a vehicle,2020-11-17,Wixom,US,James N.,2019-11-26,fl:ja_ln:zeimet-1,Zeimet,2024-03-05,Oakley Park,US,8,MI,26,9
10902586,Automated visual recognition of a microcalcification,2021-01-26,Tecalitlan,MX,Ramon Oswaldo G.,2019-08-13,fl:ra_ln:medina-1,Medina,2021-01-26,Tecalitlan,MX,0,,,3
10902586,Automated visual recognition of a microcalcification,2021-01-26,Zapopan,MX,Juan Manuel A.,2011-08-09,fl:ju_ln:vega-5,Vega,2021-01-26,Zapopan,MX,1,,,6
10932484,Inhibitory activity of acetogenins against Listeria monocytogenes,2021-03-02,Monterrey,MX,Carmen,2010-07-27,fl:ca_ln:hernandezbrenes-1,Hernandez-Brenes,2021-03-02,Monterrey,MX,0,,,4
10932484,Inhibitory activity of acetogenins against Listeria monocytogenes,2021-03-02,Monterrey,MX,Carlos Eduardo,2021-03-02,fl:ca_ln:rodriguezlopez-1,Rodriguez-Lopez,2021-03-02,Monterrey,MX,4,,,1
10932484,Inhibitory activity of acetogenins against Listeria monocytogenes,2021-03-02,Monterrey,MX,Rocio Isabel,2021-03-02,fl:ro_ln:diazdelagarza-1,Diaz de la Garza,2021-03-02,Monterrey,MX,2,,,1
10932484,Inhibitory activity of acetogenins against Listeria monocytogenes,2021-03-02,Monterrey,MX,Dariana Graciela,2020-03-03,fl:da_ln:rodriguezsanchez-1,Rodriguez-Sanchez,2021-03-02,Monterrey,MX,3,,,3
10932484,Inhibitory activity of acetogenins against Listeria monocytogenes,2021-03-02,Monterrey,MX,Adriana Pacheco,2021-03-02,fl:ad_ln:moscoa-1,Moscoa,2021-03-02,Monterrey,MX,1,,,1
11071760,Compositions and methods of use of novel strains of Lactobacillus fermentum,2021-07-27,Hermosillo,MX,Belinda,2014-10-21,fl:be_ln:vallejogalland-1,Vallejo Galland,2021-07-27,Hermosillo,MX,0,,,9
11071760,Compositions and methods of use of novel strains of Lactobacillus fermentum,2021-07-27,Aguascalientes,MX,Juan Carlos,2021-07-27,fl:ju_ln:feregrinoquezada-1,Feregrino Quezada,2021-07-27,Aguascalientes,MX,3,,,1
11071760,Compositions and methods of use of novel strains of Lactobacillus fermentum,2021-07-27,Aguascalientes,MX,Jose Antonio,2021-07-27,fl:jo_ln:feregrinoquezada-1,Feregrino Quezada,2021-07-27,Aguascalientes,MX,2,,,1
11071760,Compositions and methods of use of novel strains of Lactobacillus fermentum,2021-07-27,Hermosillo,MX,Aaron Fernando,2018-10-09,fl:aa_ln:gonzalezcordova-1,Gonzalez Cordova,2021-07-27,Hermosillo,MX,1,,,3
11111443,Process and zeolitic catalyst for the catalytic cracking of unconventional light crude oil type shale/tight oil and its blends with vacuum gas oil,2021-09-07,Mexico City,MX,Roberto,2018-07-10,fl:ro_ln:garciadeleon-1,Garcia De Leon,2021-09-07,Mexico City,MX,7,,,2
11111443,Process and zeolitic catalyst for the catalytic cracking of unconventional light crude oil type shale/tight oil and its blends with vacuum gas oil,2021-09-07,Mexico City,MX,Edith,2017-10-03,fl:ed_ln:menesesruiz-1,Meneses Ruiz,2022-11-22,Mexico City,MX,2,,,4
11111443,Process and zeolitic catalyst for the catalytic cracking of unconventional light crude oil type shale/tight oil and its blends with vacuum gas oil,2021-09-07,Mexico City,MX,Maria del Rosario Socorro,2019-12-24,fl:ma_ln:lunaramirez-1,Luna Ramirez,2021-09-07,Mexico City,MX,1,,,4
11111443,Process and zeolitic catalyst for the catalytic cracking of unconventional light crude oil type shale/tight oil and its blends with vacuum gas oil,2021-09-07,Mexico City,MX,Blanca Lucia,2019-12-24,fl:bl_ln:medellinrivera-1,Medellin Rivera,2021-09-07,Mexico City,MX,0,,,4
11111443,Process and zeolitic catalyst for the catalytic cracking of unconventional light crude oil type shale/tight oil and its blends with vacuum gas oil,2021-09-07,Mexico City,MX,Rogelio,2018-06-19,fl:ro_ln:hernandezsuarez-1,Hernandez Suarez,2021-09-07,Mexico City,MX,3,,,3
11111443,Process and zeolitic catalyst for the catalytic cracking of unconventional light crude oil type shale/tight oil and its blends with vacuum gas oil,2021-09-07,Mexico City,MX,Guadalupe Hayde,2021-09-07,fl:gu_ln:morenovasquez-1,Moreno Vasquez,2021-09-07,Mexico City,MX,5,,,1
11111443,Process and zeolitic catalyst for the catalytic cracking of unconventional light crude oil type shale/tight oil and its blends with vacuum gas oil,2021-09-07,Mexico City,MX,Gonzalo,2019-12-24,fl:go_ln:hernandeztapia-1,Hernandez Tapia,2021-09-07,Mexico City,MX,6,,,2
11111443,Process and zeolitic catalyst for the catalytic cracking of unconventional light crude oil type shale/tight oil and its blends with vacuum gas oil,2021-09-07,Mexico City,MX,Agapito Alberto,2021-09-07,fl:ag_ln:nerigomez-1,Neri Gomez,2021-09-07,Mexico City,MX,4,,,1
11128413,"Generic of doubly selective channel emulator, locally non-stationary in time, nonstationary in frequency, with non-separable dispersion function",2021-09-21,Jalisco,MX,Ramon,2021-06-22,fl:ra_ln:parramichel-1,PARRA MICHEL,2021-09-21,Jalisco,MX,0,,,3
11128413,"Generic of doubly selective channel emulator, locally non-stationary in time, nonstationary in frequency, with non-separable dispersion function",2021-09-21,Jalisco,MX,Luis Rene,2021-09-21,fl:lu_ln:velagarcia-1,Vela Garcia,2023-01-03,Zapopan,MX,1,,,2
11148803,Take off and landing system for drone for use with an autonomous vehicle,2021-10-19,Toluca,MX,Rodrigo,2021-02-09,fl:ro_ln:frieventhcienfuegos-1,Frieventh Cienfuegos,2021-10-19,Toluca,MX,3,,,4
11148803,Take off and landing system for drone for use with an autonomous vehicle,2021-10-19,Naucalpan,MX,Hedy H.,2020-01-14,fl:he_ln:moralesbolanos-1,Morales Bolanos,2021-10-19,Naucalpan,MX,0,,,4
11148803,Take off and landing system for drone for use with an autonomous vehicle,2021-10-19,Lerma,MX,David Franco,2020-01-14,fl:da_ln:lopezrubio-1,Lopez Rubio,2021-10-19,Lerma,MX,1,,,6
11148803,Take off and landing system for drone for use with an autonomous vehicle,2021-10-19,Texcoco,MX,Oswaldo,2018-09-25,fl:os_ln:perezbarrera-1,Perez Barrera,2022-10-11,Texcoco,MX,2,,,22
11655970,Methods for configuring light fixtures with programmable drivers,2023-05-23,Crawfordsville,US,Nicholas A.,2022-05-17,fl:ni_ln:ratliff-1,Ratliff,2023-05-23,Crawfordsville,US,2,IN,18,3
11655970,Methods for configuring light fixtures with programmable drivers,2023-05-23,Satilla Shores,US,Theodore R.,1999-08-03,fl:th_ln:blumstein-1,Blumstein,2023-05-23,Satilla Shores,US,4,GA,13,4
11655970,Methods for configuring light fixtures with programmable drivers,2023-05-23,Atlanta,US,Patrick M.,2017-10-03,fl:pa_ln:tweel-1,Tweel,2023-05-23,Atlanta,US,1,GA,13,15
11655970,Methods for configuring light fixtures with programmable drivers,2023-05-23,McDonough,US,Benjamin Marshall,2017-03-14,fl:be_ln:suttles-1,Suttles,2023-05-23,McDonough,US,0,GA,13,15
11655970,Methods for configuring light fixtures with programmable drivers,2023-05-23,El Chubasco,MX,Elias Aurelio Romero,2022-05-17,fl:el_ln:saldivar-1,Saldivar,2023-05-23,El Chubasco,MX,3,,,3
11771740,Methods of diagnosing and treating cervical cancer,2023-10-03,Mexico City,MX,Raul,2021-11-02,fl:ra_ln:dominguezpalestino-1,Dominguez Palestino,2023-10-03,Mexico City,MX,2,,,3
11771740,Methods of diagnosing and treating cervical cancer,2023-10-03,Ticuman,MX,Orlando,2021-11-02,fl:or_ln:santillangodinez-1,Santillan Godinez,2023-10-03,Ticuman,MX,1,,,3
11771740,Methods of diagnosing and treating cervical cancer,2023-10-03,Ticuman,MX,Alberto,2021-11-02,fl:al_ln:checarojas-1,Checa Rojas,2023-10-03,Ticuman,MX,0,,,3
11788448,Vehicle exhaust system with silencer having exhaust jet deflector,2023-10-17,Canton,US,Lucas Apandi,2019-05-21,fl:lu_ln:phan-4,Phan,2023-10-17,Canton,US,5,MI,26,2
11788448,Vehicle exhaust system with silencer having exhaust jet deflector,2023-10-17,Alvaro Obregon,MX,Virginia,2018-11-20,fl:vi_ln:ortegaconde-1,Ortega Conde,2023-10-17,Alvaro Obregon,MX,3,,,4
11788448,Vehicle exhaust system with silencer having exhaust jet deflector,2023-10-17,Texcoco,MX,Ricardo Daniel,2020-06-30,fl:ri_ln:sanchezlugo-1,Sanchez Lugo,2023-11-21,Texcoco,MX,1,,,7
11788448,Vehicle exhaust system with silencer having exhaust jet deflector,2023-10-17,Anahuac,MX,Kristian Ulyses,2023-01-03,fl:kr_ln:floresavina-1,Flores Avina,2023-10-17,Anahuac,MX,4,,,5
11788448,Vehicle exhaust system with silencer having exhaust jet deflector,2023-10-17,La Concepcion,MX,Luis Felipe,2020-02-18,fl:lu_ln:blasmartinez-1,Blas Martinez,2023-11-21,La Concepcion,MX,0,,,9
11788448,Vehicle exhaust system with silencer having exhaust jet deflector,2023-10-17,Tlalnepantla,MX,Miguel Angel,2018-11-20,fl:mi_ln:leonguerrero-1,Leon Guerrero,2023-10-17,Tlalnepantla,MX,2,,,10
11813644,Method and system for determining the manufacture of a glass container with its mold number,2023-11-14,Atizapan de Zaragoza,MX,Alejandro,2020-12-01,fl:al_ln:beckerdelrio-1,Becker Del Rio,2024-06-25,Atizapan de Zaragoza,MX,1,,,4
11813644,Method and system for determining the manufacture of a glass container with its mold number,2023-11-14,Tlalnepantla,MX,Adrian Enrique,2020-12-01,fl:ad_ln:macouzetdiazleal-1,Macouzet Diaz Leal,2023-11-14,Tlalnepantla,MX,0,,,3
6027545,Method and apparatus for producing direct reduced iron with improved reducing gas utilization,2000-02-22,Guadalupe,MX,Juan A.,1984-01-31,fl:ju_ln:villarrealtrevino-1,Villarreal-Trevino,2002-05-28,Guadalupe,MX,0,,,10
6080695,Low light transmission neutral gray glass,2000-06-27,Los Reyes de Juarez,MX,Rafael,2000-02-29,fl:ra_ln:pintonegroe-1,Pinto-Negroe,2010-06-08,Mexico City,MX,3,,,4
6080695,Low light transmission neutral gray glass,2000-06-27,Estado de Mexico,MX,Jose Guadalupe,2000-06-27,fl:jo_ln:cidaguilar-2,Cid-Aguilar,2024-11-26,El Chubasco,MX,2,,,12
6080695,Low light transmission neutral gray glass,2000-06-27,Estado de Mexico,MX,Herbert,1999-03-16,fl:he_ln:schefflerhudlet-1,Scheffler-Hudlet,2010-06-08,General Escobedo,MX,0,,,5
6080695,Low light transmission neutral gray glass,2000-06-27,Estado de Mexico,MX,Roberto Marcos,2000-02-29,fl:ro_ln:cabrerallanos-1,Cabrera-Llanos,2017-05-16,Santiago,MX,1,,,11
6182460,Window room air conditioner,2001-02-06,El Control,MX,Jose,1999-11-16,fl:jo_ln:oliva-4,Oliva,2001-10-16,El Control,MX,3,,,5
6182460,Window room air conditioner,2001-02-06,El Control,MX,Victoriano,1999-10-26,fl:vi_ln:zamora-1,Zamora,2001-10-16,El Control,MX,2,,,6
6182460,Window room air conditioner,2001-02-06,El Control,MX,David,1992-03-17,fl:da_ln:hernandez-15,Hernandez,2024-03-05,Saint-Sulpice,CH,1,,,13
6182460,Window room air conditioner,2001-02-06,Monterrey,MX,Nestor,1999-11-16,fl:ne_ln:hernandez-3,Hernandez,2021-10-05,San Francisco,US,0,,,28
6224693,Method and apparatus for simplified production of heat treatable aluminum alloy castings with artificial self-aging,2001-05-01,El Control,MX,Juan Francisco,1999-07-13,fl:ju_ln:mojicabriseno-1,Mojica-Briseno,2011-08-02,San Mateo del Mar,MX,2,,,3
6224693,Method and apparatus for simplified production of heat treatable aluminum alloy castings with artificial self-aging,2001-05-01,Coahuila,MX,Salvador,1999-07-13,fl:sa_ln:valtierragallardo-1,Valtierra-Gallardo,2001-05-01,Coahuila,MX,1,,,3
6224693,Method and apparatus for simplified production of heat treatable aluminum alloy castings with artificial self-aging,2001-05-01,El Control,MX,Oscar,1998-07-14,fl:os_ln:garzaondarza-1,Garza-Ondarza,2011-08-02,El Control,MX,0,,,6
6232671,Flywheel energy storage apparatus with braking capability,2001-05-15,Mexico City,MX,Mario H.,1980-05-13,fl:ma_ln:gottfried-2,Gottfried,2023-10-17,Copoya,MX,0,,,9
6364590,Book cover preparation system,2002-04-02,Jalisco,MX,Maximo,2002-04-02,fl:ma_ln:gayoso-1,Gayoso,2005-03-22,Jalisco,MX,0,,,8
6394081,Safety knob for domestic gas apparatuses,2002-05-28,San Luis Potosi,MX,Guillermo-Jose,1999-11-02,fl:gu_ln:aguirreesponda-1,Aguirre-Esponda,2002-05-28,San Luis Potosi,MX,0,,,3
6394081,Safety knob for domestic gas apparatuses,2002-05-28,San Luis Potosi,MX,Jose Angel,2002-04-23,fl:jo_ln:avalosbarcenas-2,Avalos-Barcenas,2003-06-24,Moctezuma,MX,1,,,5
6398840,Process for treating sludge,2002-06-04,Veracruz,MX,Jose,2002-06-04,fl:jo_ln:cabellofuentes-1,Cabello-Fuentes,2010-05-11,San Fernando,MX,1,,,6
6398840,Process for treating sludge,2002-06-04,San Mateo del Mar,MX,Pedro,2002-06-04,qi54zebe5xio0xhncyzrizxc2,Orta-Castro,2002-06-04,San Mateo del Mar,MX,0,,,1
6615780,Method and apparatus for a solenoid assembly,2003-09-09,El Paso,US,Yingjie,2001-09-18,fl:yi_ln:lin-357,Lin,2015-03-10,El Paso,US,0,TX,48,54
6615780,Method and apparatus for a solenoid assembly,2003-09-09,Juarez,MX,Conrado,2003-04-08,fl:co_ln:carrillo-2,Carrillo,2023-11-14,Chihuahua,MX,1,,,12
6631812,Stemware suspenders,2003-10-14,Fairfield,US,Emilio,1990-07-31,fl:em_ln:ruiz-1,Ruiz,2024-06-25,Toluca,MX,0,CT,09,3
6709655,Pharmaceutical composition of F(ab1)2 antibody fragments and a process for the preparation thereof,2004-03-23,Villa de Cos,MX,Juan,2004-03-23,fl:ju_ln:lopezdesilanes-1,Lopez De Silanes,2013-08-20,Xico,MX,0,,,3
6709655,Pharmaceutical composition of F(ab1)2 antibody fragments and a process for the preparation thereof,2004-03-23,Villa de Cos,MX,Jorge Fernando,2004-03-23,fl:jo_ln:paniaguasolis-1,Paniagua Solis,2021-10-26,Madrid,ES,2,,,2
6709655,Pharmaceutical composition of F(ab1)2 antibody fragments and a process for the preparation thereof,2004-03-23,Villa de Cos,MX,Rita Mancilla,2004-03-23,fl:ri_ln:nava-3,Nava,2004-03-23,Villa de Cos,MX,1,,,1
6805030,Potato-strip cutting deceleration system,2004-10-19,New Milford,US,James,2002-10-01,fl:ja_ln:englar-1,Englar,2023-07-18,Nampa,US,0,CT,09,6
6805030,Potato-strip cutting deceleration system,2004-10-19,Moses Lake,US,David,2004-10-19,fl:da_ln:gottberg-1,Gottberg,2004-10-19,Moses Lake,US,3,WA,53,1
6805030,Potato-strip cutting deceleration system,2004-10-19,New Milford,US,Juan Daniel,2004-10-19,fl:ju_ln:gonzalez-20,Gonzalez,2023-03-28,Ramos Arizpe,MX,1,CT,09,4
6805030,Potato-strip cutting deceleration system,2004-10-19,New Milford,US,Scott Colin,2004-10-19,fl:sc_ln:howell-1,Howell,2021-02-09,Melbourne,AU,2,CT,09,2
6834109,Method and apparatus for mitigation of disturbers in communication systems,2004-12-21,Los Altos,US,Sunil,1977-06-14,fl:su_ln:shah-14,Shah,2022-04-19,Fremont,US,7,CA,06,55
6834109,Method and apparatus for mitigation of disturbers in communication systems,2004-12-21,Sunnyvale,US,Heberly,2004-12-21,fl:he_ln:rosario-3,Rosario,2004-12-21,Sunnyvale,US,10,CA,06,1
6834109,Method and apparatus for mitigation of disturbers in communication systems,2004-12-21,Redwood City,US,Fernando,2004-12-21,fl:fe_ln:lopezdevictoria-3,Lopez-de-Victoria,2004-12-21,Redwood City,US,12,CA,06,1
6834109,Method and apparatus for mitigation of disturbers in communication systems,2004-12-21,San Jose,US,Daniel Joseph,2004-03-23,fl:da_ln:hernandez-5,Hernandez,2023-09-26,Coacalco,MX,6,CA,06,5
6834109,Method and apparatus for mitigation of disturbers in communication systems,2004-12-21,Cupertino,US,Norman Man Leung,2004-12-21,fl:no_ln:yuen-1,Yuen,2005-11-29,Cupertino,US,9,CA,06,2
6834109,Method and apparatus for mitigation of disturbers in communication systems,2004-12-21,San Jose,US,Di,2004-12-21,fl:di_ln:lin-30,Lin,2023-10-10,Sunnyvale,US,11,CA,06,7
6834109,Method and apparatus for mitigation of disturbers in communication systems,2004-12-21,San Francisco,US,Cecilia,2002-11-26,fl:ce_ln:galarza-1,Galarza,2005-11-29,San Francisco,US,4,CA,06,7
6834109,Method and apparatus for mitigation of disturbers in communication systems,2004-12-21,Cupertino,US,Ioannis,2004-03-23,fl:io_ln:kanellakopoulos-1,Kanellakopoulos,2024-08-20,Redwood City,US,2,CA,06,25
6834109,Method and apparatus for mitigation of disturbers in communication systems,2004-12-21,San Jose,US,Ming,2004-08-03,fl:mi_ln:gu-13,Gu,2024-12-10,Wuxi,CN,8,CA,06,34
6834109,Method and apparatus for mitigation of disturbers in communication systems,2004-12-21,Santa Clara,US,Michail,2002-09-03,fl:mi_ln:tsatsanis-1,Tsatsanis,2024-12-31,Santa Clara,US,1,CA,06,64
6834109,Method and apparatus for mitigation of disturbers in communication systems,2004-12-21,Los Gatos,US,James W.,1993-06-29,fl:ja_ln:waite-2,Waite,2023-10-24,Eastsound,US,5,CA,06,19
6834109,Method and apparatus for mitigation of disturbers in communication systems,2004-12-21,Mountain View,US,Thomas Edward,1994-05-10,fl:th_ln:pare-1,"Pare, Jr.",2024-12-31,San Jose,US,0,CA,06,112
6834109,Method and apparatus for mitigation of disturbers in communication systems,2004-12-21,San Bruno,US,Mark,2000-03-21,fl:ma_ln:erickson-17,Erickson,2011-07-12,Sacramento,US,3,CA,06,25
6971320,Single versatile and fast mounting pad for transporting and supporting different sizes of electrical distribution transformers,2005-12-06,Piedras Negras,MX,Gerardo,2005-12-06,g9ihhnp7s02acsa4cje7kholc,Flores-Fuentes,2005-12-06,Piedras Negras,MX,3,,,1
6971320,Single versatile and fast mounting pad for transporting and supporting different sizes of electrical distribution transformers,2005-12-06,Agualeguas,MX,Fernando,2005-12-06,54kk2i7eqcmrz7yylxmwy62zx,Cerda-Rivera,2005-12-06,Agualeguas,MX,2,,,1
6971320,Single versatile and fast mounting pad for transporting and supporting different sizes of electrical distribution transformers,2005-12-06,Monterrey,MX,Carlos,2005-12-06,0bcsk3kxip9bnwkmgrkw015ap,Gaytan-Cavazos,2005-12-06,Monterrey,MX,1,,,1
6971320,Single versatile and fast mounting pad for transporting and supporting different sizes of electrical distribution transformers,2005-12-06,Carmen,MX,Demofilo,2001-12-18,fl:de_ln:maldonadocortes-1,Maldonado-Cortes,2021-09-28,El Control,MX,0,,,4
7323528,Block copolymers containing functional groups,2008-01-29,Metepec,MX,Enrique,2008-01-29,fl:en_ln:saldivarguerra-1,Saldivar Guerra,2019-03-26,Coahuila,MX,0,,,4
7323528,Block copolymers containing functional groups,2008-01-29,Atizapan de Zaragoza,MX,Alfonso,2008-01-29,fl:al_ln:gonzalezmontiel-1,Gonzalez Montiel,2021-06-29,Atizapan de Zaragoza,MX,1,,,5
7383737,Capacitive pressure sensor,2008-06-10,Juarez,MX,Carlos A.,2005-07-19,fl:ca_ln:urquidi-1,Urquidi,2008-06-10,Juarez,MX,1,,,7
7383737,Capacitive pressure sensor,2008-06-10,Juarez,MX,Francisco X.,2008-06-10,fl:fr_ln:romo-1,Romo,2024-05-21,Rockford,US,2,,,6
7383737,Capacitive pressure sensor,2008-06-10,El Paso,US,Yingjie,2001-09-18,fl:yi_ln:lin-357,Lin,2015-03-10,El Paso,US,0,TX,48,54
7384407,Small vessel ultrasound catheter,2008-06-10,Lake Forest Park,US,Wm. Gerrit,1998-02-03,fl:wm_ln:barrere-1,Barrere,2021-02-23,Lake Forest Park,US,3,WA,53,10
7384407,Small vessel ultrasound catheter,2008-06-10,Bellevue,US,Frederick J.,2003-06-24,fl:fr_ln:bennett-5,Bennett,2024-12-03,Bellevue,US,4,WA,53,15
7384407,Small vessel ultrasound catheter,2008-06-10,Kirkland,US,Perry Todd,2008-06-10,fl:pe_ln:thompson-1,Thompson,2008-06-10,Kirkland,US,7,WA,53,1
7384407,Small vessel ultrasound catheter,2008-06-10,Granite Falls,US,Curtis,1992-03-17,fl:cu_ln:genstler-1,Genstler,2022-10-04,Snohomish,US,1,WA,53,23
7384407,Small vessel ultrasound catheter,2008-06-10,Seattle,US,Tim,2007-05-22,fl:ti_ln:abrahamson-2,Abrahamson,2021-02-23,Seattle,US,2,WA,53,10
7384407,Small vessel ultrasound catheter,2008-06-10,Woodinville,US,George W.,1984-10-09,fl:ge_ln:keilman-1,Keilman,2021-02-23,Seattle,US,5,WA,53,49
7384407,Small vessel ultrasound catheter,2008-06-10,Seattle,US,Richard R.,1977-04-05,fl:ri_ln:wilson-19,Wilson,2021-02-23,Seattle,US,6,WA,53,53
7384407,Small vessel ultrasound catheter,2008-06-10,Pembroke Pines,US,Oscar,1995-06-06,fl:os_ln:rodriguez-7,Rodriguez,2024-04-09,San Fernando,MX,0,FL,12,7
7497267,Shunt tube connector lock,2009-03-03,Houston,US,Alejandro,2009-03-03,fl:al_ln:perez-13,Perez,2024-11-26,Miami,US,1,TX,48,5
7497267,Shunt tube connector lock,2009-03-03,Huntsville,US,John R.,1981-03-03,fl:jo_ln:setterberg-2,"Setterberg, Jr.",2022-09-06,Huntsville,US,0,TX,48,34
7511445,Method of manufacture of magnetic induction devices,2009-03-31,Ixtlahuacan del Rio,MX,Jose De Jesus,2007-02-27,fl:jo_ln:camarenavillasenor-1,Camarena Villasenor,2009-03-31,Ixtlahuacan del Rio,MX,0,,,3
7713544,Biological component comprising artificial membrane,2010-05-11,Fryeburg,US,Hongbo,2005-08-30,fl:ho_ln:liu-78,Liu,2024-07-16,Huntsville,US,3,ME,23,20
7713544,Biological component comprising artificial membrane,2010-05-11,Warsaw,US,Janine,2005-08-30,fl:ja_ln:orban-1,Orban,2010-07-27,Warsaw,US,2,IN,18,6
7713544,Biological component comprising artificial membrane,2010-05-11,Atlanta,US,Xue,2005-08-30,fl:xu_ln:sun-28,Sun,2023-06-27,Shanghai,CN,4,GA,13,5
7713544,Biological component comprising artificial membrane,2010-05-11,Atlanta,US,Elliot,1990-03-06,fl:el_ln:chaikof-1,Chaikof,2024-12-10,Newton,US,0,GA,13,19
7713544,Biological component comprising artificial membrane,2010-05-11,Athens,US,Keith M.,2010-05-11,fl:ke_ln:faucher-1,Faucher,2023-10-24,Milford,US,5,GA,13,30
7713544,Biological component comprising artificial membrane,2010-05-11,Duluth,US,June,2005-08-30,fl:ju_ln:feng-1,Feng,2019-10-01,Shreveport,US,1,GA,13,3
7781646,Specific genetic modification of the activity of trehalose-6-phosphate synthase and expression in a homologous or heterologous environment,2010-08-24,Tlaltizapan,MX,Gabriel Iturriaga,2010-08-24,fl:ga_ln:delafuente-1,De La Fuente,2010-08-24,Tlaltizapan,MX,0,,,1
7781646,Specific genetic modification of the activity of trehalose-6-phosphate synthase and expression in a homologous or heterologous environment,2010-08-24,Zichem,BE,Patrick,2005-03-29,fl:pa_ln:vandijck-1,Van Dijck,2014-08-05,Zichem,BE,2,,,4
7781646,Specific genetic modification of the activity of trehalose-6-phosphate synthase and expression in a homologous or heterologous environment,2010-08-24,Kessel-Lo,BE,Christophe,2005-03-29,fl:ch_ln:vanvaeck-1,Van Vaeck,2014-08-05,Haacht,BE,4,,,3
7781646,Specific genetic modification of the activity of trehalose-6-phosphate synthase and expression in a homologous or heterologous environment,2010-08-24,Heverlee,BE,Johan,2005-03-29,fl:jo_ln:thevelein-1,Thevelein,2023-07-04,Blanden,BE,1,,,12
7781646,Specific genetic modification of the activity of trehalose-6-phosphate synthase and expression in a homologous or heterologous environment,2010-08-24,Tlaltizapan,MX,Jose Oscar,2005-03-29,fl:jo_ln:mascorrogallardo-1,Mascorro-Gallardo,2014-08-05,Tlaltizapan,MX,3,,,3
7914990,Methods and products for in vitro genotyping,2011-03-29,Nerva,ES,Monica Lopez,2011-03-29,fl:mo_ln:martinez-1,Martinez,2011-03-29,Nerva,ES,4,,,1
7914990,Methods and products for in vitro genotyping,2011-03-29,Nerva,ES,Elisa Jimenez,2011-03-29,fl:el_ln:uribe-1,Uribe,2011-03-29,Nerva,ES,3,,,1
7914990,Methods and products for in vitro genotyping,2011-03-29,Nerva,ES,Marta Artieda,2011-03-29,fl:ma_ln:osenalde-1,Osenalde,2011-03-29,Nerva,ES,5,,,1
7914990,Methods and products for in vitro genotyping,2011-03-29,Nerva,ES,Diego Tejedor,2011-03-29,fl:di_ln:hernandez-2,Hernandez,2011-03-29,Nerva,ES,2,,,1
7914990,Methods and products for in vitro genotyping,2011-03-29,Nerva,ES,Lorena Hernandez,2011-03-29,fl:lo_ln:garcia-3,Garcia,2011-03-29,Nerva,ES,6,,,1
7914990,Methods and products for in vitro genotyping,2011-03-29,Nerva,ES,Antonio,1977-02-08,fl:an_ln:martinez-25,Martinez,2020-12-01,Derio,ES,1,,,18
7914990,Methods and products for in vitro genotyping,2011-03-29,Nerva,ES,Laureano Simon,2011-03-29,fl:la_ln:buela-1,Buela,2023-02-14,Plan de Ayala,MX,0,,,4
7968069,"Catalyst, its preparation and use for hydrodesulfurization of residua and heavy crudes",2011-06-28,Cuilapam,MX,Samir Kumar,2011-06-28,fl:sa_ln:maity-3,Maity,2020-12-08,Dehradun,IN,3,,,4
7968069,"Catalyst, its preparation and use for hydrodesulfurization of residua and heavy crudes",2011-06-28,Cuilapam,MX,Jorge,2010-01-26,fl:jo_ln:ancheytajuarez-1,Ancheyta Juarez,2020-10-06,Mexico City,MX,1,,,13
7968069,"Catalyst, its preparation and use for hydrodesulfurization of residua and heavy crudes",2011-06-28,Cuilapam,MX,Jorge Fernando,2011-06-28,fl:jo_ln:ramirezsolis-1,Ramirez Solis,2021-08-24,Mexico City,MX,2,,,4
7968069,"Catalyst, its preparation and use for hydrodesulfurization of residua and heavy crudes",2011-06-28,Cuilapam,MX,Patricia,2011-06-28,fl:pa_ln:rayomayoral-1,Rayo Mayoral,2018-07-24,Mexico City,MX,0,,,5
7968069,"Catalyst, its preparation and use for hydrodesulfurization of residua and heavy crudes",2011-06-28,Cuilapam,MX,Fernando,2011-06-28,fl:fe_ln:alonsomartinez-1,Alonso Martinez,2018-05-15,Mexico City,MX,5,,,4
7968069,"Catalyst, its preparation and use for hydrodesulfurization of residua and heavy crudes",2011-06-28,Cuilapam,MX,Mohan Singh,2011-06-28,fl:mo_ln:rana-1,Rana,2022-11-22,Ahmadi,KW,4,,,7
8020768,Portable container inventory control system,2011-09-20,Monterrey,MX,Rafael-Guillermo,2011-09-20,fl:ra_ln:ramoselizondo-1,Ramos-Elizondo,2016-09-06,Monterrey,MX,0,,,2
8020768,Portable container inventory control system,2011-09-20,San Mateo del Mar,MX,Jose-Adalberto,2011-09-20,fl:jo_ln:teranmatus-2,Teran-Matus,2024-07-23,Austin,US,1,,,4
8025164,Modular system of closet inside part or dressing room complement of combinable and adjustable design easily assembled and packed by the user,2011-09-27,Mexico City,MX,Orozco Gavaldon,2010-03-09,fl:or_ln:humberto-2,Humberto,2012-10-23,La Paz,MX,0,,,3
8211961,Procedure for preparation of a thermal insulation and waterproof coating,2012-07-03,San Mateo del Mar,MX,Ulises Eladio,2012-07-03,fl:ul_ln:perezhinojosa-2,Perez Hinojosa,2014-09-02,El Control,MX,0,,,3
8354019,Process for reducing benzene content of hydrocarbon stream using microporous carbon adsorbent,2013-01-15,Mexico City,MX,Ricardo,2013-01-15,fl:ri_ln:saintmartincastanon-1,Saint Martin Castanon,2013-01-15,Mexico City,MX,3,,,1
8354019,Process for reducing benzene content of hydrocarbon stream using microporous carbon adsorbent,2013-01-15,Mexico City,MX,Jose Luis,2013-01-15,fl:jo_ln:canodominguez-1,Cano Dominguez,2018-09-18,Xico,MX,7,,,3
8354019,Process for reducing benzene content of hydrocarbon stream using microporous carbon adsorbent,2013-01-15,Mexico City,MX,Georgina Cecilia,2013-01-15,fl:ge_ln:laredosanchez-1,Laredo Sanchez,2018-03-27,Mexico City,MX,0,,,3
8354019,Process for reducing benzene content of hydrocarbon stream using microporous carbon adsorbent,2013-01-15,Mexico City,MX,Maria del Carmen,2013-01-15,fl:ma_ln:martinezguerrero-1,Martinez Guerrero,2024-11-12,Mexico City,MX,4,,,6
8354019,Process for reducing benzene content of hydrocarbon stream using microporous carbon adsorbent,2013-01-15,Mexico City,MX,Obet,2013-01-15,fl:ob_ln:marroquindelarosa-1,Marroquin de la Rosa,2013-01-15,Mexico City,MX,6,,,1
8354019,Process for reducing benzene content of hydrocarbon stream using microporous carbon adsorbent,2013-01-15,Mexico City,MX,Fidencio,2013-01-15,fl:fi_ln:hernandezperez-1,Hernandez Perez,2024-11-12,Mexico City,MX,2,,,5
8354019,Process for reducing benzene content of hydrocarbon stream using microporous carbon adsorbent,2013-01-15,Mexico City,MX,Federico Jesus,2013-01-15,fl:fe_ln:jimenezcruz-1,Jimenez Cruz,2024-11-12,Mexico City,MX,5,,,7
8354019,Process for reducing benzene content of hydrocarbon stream using microporous carbon adsorbent,2013-01-15,Mexico City,MX,J. Jesus,2013-01-15,fl:j._ln:castillomunguia-1,Castillo Munguia,2018-03-27,Mexico City,MX,1,,,3
8382745,Laser system and method for astigmatic corrections in association with cataract treatment,2013-02-26,Mexico City,MX,Ramon,2013-02-26,fl:ra_ln:naranjotackman-1,Naranjo-Tackman,2023-08-08,Mexico City,MX,0,,,6
8382745,Laser system and method for astigmatic corrections in association with cataract treatment,2013-02-26,Orlando,US,Rudolph W.,1995-08-15,fl:ru_ln:frey-1,Frey,2024-06-11,Eatonville,US,2,FL,12,64
8382745,Laser system and method for astigmatic corrections in association with cataract treatment,2013-02-26,Mexico City,MX,Jorge Octavio Villar,2013-02-26,fl:jo_ln:kuri-2,Kuri,2013-12-31,Mexico City,MX,1,,,2
8492412,Gel containing pirfenidone,2013-07-23,Mexico City,MX,Juan Socorro,2010-10-05,fl:ju_ln:armendarizborunda-1,Armendariz Borunda,2024-09-10,Mexico City,MX,2,,,17
8492412,Gel containing pirfenidone,2013-07-23,Mexico City,MX,Laura,2013-07-23,fl:la_ln:vazquezcervantes-1,Vazquez Cervantes,2024-09-10,Mexico City,MX,1,,,9
8492412,Gel containing pirfenidone,2013-07-23,Mexico City,MX,Jose Agustin Rogelio,2013-07-23,fl:jo_ln:maganacastro-1,Magana Castro,2024-09-10,Mexico City,MX,0,,,16
8496933,VHNAR anti-cytokine domains,2013-07-30,Ensenada,MX,Edna,2013-07-30,fl:ed_ln:sanchezcastrejon-1,Sanchez-Castrejon,2017-06-20,El Rosario,MX,6,,,3
8496933,VHNAR anti-cytokine domains,2013-07-30,Ensenada,MX,Alexei F.,2013-07-30,fl:al_ln:liceanavarro-1,Licea-Navarro,2017-06-20,El Rosario,MX,4,,,3
8496933,VHNAR anti-cytokine domains,2013-07-30,Ensenada,MX,Tanya A.,2013-07-30,fl:ta_ln:camachovillegas-1,Camacho-Villegas,2017-06-20,El Rosario,MX,5,,,3
8496933,VHNAR anti-cytokine domains,2013-07-30,Xico,MX,Jorge F.,2009-02-03,fl:jo_ln:paniaguasolis-2,Paniagua-Solis,2017-06-20,Copoya,MX,0,,,6
8496933,VHNAR anti-cytokine domains,2013-07-30,Xico,MX,Walter J.,2011-12-13,fl:wa_ln:garciaubbelohde-2,Garcia-Ubbelohde,2017-06-20,Copoya,MX,2,,,5
8496933,VHNAR anti-cytokine domains,2013-07-30,Xico,MX,Araceli,2013-07-30,fl:ar_ln:olguinjimenez-1,Olguin-Jimenez,2017-06-20,Copoya,MX,3,,,3
8496933,VHNAR anti-cytokine domains,2013-07-30,Xico,MX,Maria Teresa,2013-07-30,fl:ma_ln:matagonzalez-1,Mata-Gonzalez,2017-06-20,Copoya,MX,1,,,3
8563626,Use of plasma-synthesised pyrrole-derived polymers for the neuroprotection and reconnection of the central nervous system,2013-10-22,Xico,MX,Hermelinda,2013-10-22,fl:he_ln:salgadoceballos-1,Salgado Ceballos,2013-10-22,Xico,MX,9,,,1
8563626,Use of plasma-synthesised pyrrole-derived polymers for the neuroprotection and reconnection of the central nervous system,2013-10-22,Xico,MX,Roberto,2013-10-22,fl:ro_ln:olayogonzalez-1,Olayo Gonzalez,2013-10-22,Xico,MX,0,,,1
8563626,Use of plasma-synthesised pyrrole-derived polymers for the neuroprotection and reconnection of the central nervous system,2013-10-22,Xico,MX,Maria de los Angeles Araceli,2013-10-22,fl:ma_ln:diazruiz-1,Diaz Ruiz,2014-03-25,Copoya,MX,6,,,2
8563626,Use of plasma-synthesised pyrrole-derived polymers for the neuroprotection and reconnection of the central nervous system,2013-10-22,Xico,MX,Maria Guadalupe,2013-10-22,fl:ma_ln:olayogonzalez-1,Olayo Gonzalez,2013-10-22,Xico,MX,8,,,1
8563626,Use of plasma-synthesised pyrrole-derived polymers for the neuroprotection and reconnection of the central nervous system,2013-10-22,Xico,MX,Juan,2013-10-22,fl:ju_ln:moralescorona-1,Morales Corona,2013-10-22,Xico,MX,1,,,1
8563626,Use of plasma-synthesised pyrrole-derived polymers for the neuroprotection and reconnection of the central nervous system,2013-10-22,Xico,MX,Rodrigo,2013-10-22,fl:ro_ln:lozanomondragon-1,Lozano Mondragon,2013-10-22,Xico,MX,2,,,1
8563626,Use of plasma-synthesised pyrrole-derived polymers for the neuroprotection and reconnection of the central nervous system,2013-10-22,Xico,MX,Guillermo Jesus,2013-10-22,fl:gu_ln:cruzcruz-1,Cruz Cruz,2013-10-22,Xico,MX,7,,,1
8563626,Use of plasma-synthesised pyrrole-derived polymers for the neuroprotection and reconnection of the central nervous system,2013-10-22,Xico,MX,Luis Camilo,2012-09-18,fl:lu_ln:rioscastaneda-1,Rios Castaneda,2014-03-25,Copoya,MX,5,,,3
8563626,Use of plasma-synthesised pyrrole-derived polymers for the neuroprotection and reconnection of the central nervous system,2013-10-22,Xico,MX,Juan Carlos Axayacatl,2013-10-22,fl:ju_ln:moralesguadarrama-1,Morales Guadarrama,2013-10-22,Xico,MX,4,,,1
8563626,Use of plasma-synthesised pyrrole-derived polymers for the neuroprotection and reconnection of the central nervous system,2013-10-22,Xico,MX,Ana Laura,2013-10-22,fl:an_ln:alvarezmejia-1,Alvarez Mejia,2013-10-22,Xico,MX,3,,,1
8688234,"Devices, methods, and systems including cardiac pacing",2014-04-01,Wexford,US,Qingsheng,1998-05-26,fl:qi_ln:zhu-88,Zhu,2019-09-17,Wexford,US,0,PA,42,178
8688234,"Devices, methods, and systems including cardiac pacing",2014-04-01,Olavarria,AR,Daniel Felipe,2009-03-31,fl:da_ln:ortega-5,Ortega,2024-05-14,San Fernando,AR,1,,,35
8688234,"Devices, methods, and systems including cardiac pacing",2014-04-01,Shoreview,US,Julio C.,1992-10-20,fl:ju_ln:spinelli-2,Spinelli,2018-09-04,Bradenton,US,2,MN,27,184
8722588,Foaming composition for high temperature and salinity,2014-05-13,Mexico City,MX,Alfredo,2014-05-13,fl:al_ln:riosreyes-1,Rios Reyes,2016-02-09,Mexico City,MX,6,,,2
8722588,Foaming composition for high temperature and salinity,2014-05-13,Mexico City,MX,Luis Silvestre,2013-08-27,fl:lu_ln:zamudiorivera-1,Zamudio Rivera,2022-07-12,Mexico City,MX,0,,,23
8722588,Foaming composition for high temperature and salinity,2014-05-13,Mexico City,MX,Violeta Yasmin,2013-08-27,fl:vi_ln:menacervantes-2,Mena Cervantes,2021-06-29,Mexico City,MX,4,,,18
8722588,Foaming composition for high temperature and salinity,2014-05-13,Mexico City,MX,JoseLuis,2014-05-13,fl:jo_ln:mendozadelacruz-2,Mendoza De La Cruz,2014-05-13,Mexico City,MX,8,,,1
8722588,Foaming composition for high temperature and salinity,2014-05-13,Mexico City,MX,Simon,2013-08-27,fl:si_ln:lopezramirez-2,Lopez Ramirez,2019-10-29,Villa de Cos,MX,1,,,7
8722588,Foaming composition for high temperature and salinity,2014-05-13,Mexico City,MX,Norma Araceli,2014-05-13,fl:no_ln:garciamunoz-1,Garcia Munoz,2024-10-15,Mexico City,MX,5,,,4
8722588,Foaming composition for high temperature and salinity,2014-05-13,Mexico City,MX,Eduardo,2014-05-13,fl:ed_ln:buenrostrogonzalez-1,Buenrostro Gonzalez,2018-05-29,Mexico City,MX,10,,,8
8722588,Foaming composition for high temperature and salinity,2014-05-13,Mexico City,MX,Cecilia de los Angeles,2014-05-13,fl:ce_ln:duranvalencia-1,Duran Valencia,2019-10-29,Villa de Cos,MX,2,,,4
8722588,Foaming composition for high temperature and salinity,2014-05-13,Mexico City,MX,Raul,2013-08-27,fl:ra_ln:hernandezaltamirano-1,Hernandez Altamirano,2022-07-12,Mexico City,MX,3,,,23
8722588,Foaming composition for high temperature and salinity,2014-05-13,Mexico City,MX,Alejandro,2014-05-13,fl:al_ln:ortegarodriguez-1,Ortega Rodriguez,2024-10-15,Mexico City,MX,7,,,4
8722588,Foaming composition for high temperature and salinity,2014-05-13,Mexico City,MX,Marcelo,2008-08-26,fl:ma_ln:lozadaycassou-1,Lozada y Cassou,2018-05-29,Mexico City,MX,9,,,16
8741186,"Vegetable oil of high dielectric purity, method for obtaining same and use in an electrical device",2014-06-03,Monterrey,MX,Carlos Manuel,2014-06-03,fl:ca_ln:urzuahernandez-1,Urzua Hernandez,2015-06-02,Monterrey,MX,1,,,5
8741186,"Vegetable oil of high dielectric purity, method for obtaining same and use in an electrical device",2014-06-03,Guadalupe,MX,Jeronimo R.,2014-06-03,fl:je_ln:villarrealrios-1,Villarreal Rios,2015-06-02,Guadalupe,MX,3,,,5
8741186,"Vegetable oil of high dielectric purity, method for obtaining same and use in an electrical device",2014-06-03,Guadalajara,MX,Alberto Jose,2014-06-03,fl:al_ln:pulidosanchez-1,Pulido Sanchez,2015-06-02,Guadalajara,MX,0,,,5
8741186,"Vegetable oil of high dielectric purity, method for obtaining same and use in an electrical device",2014-06-03,Guadalupe,MX,Sergio Francisco,2014-06-03,fl:se_ln:cazaresmendez-1,Cazares Mendez,2015-06-02,Guadalupe,MX,2,,,5
8741186,"Vegetable oil of high dielectric purity, method for obtaining same and use in an electrical device",2014-06-03,Monterrey,MX,David Apolinar,2013-02-26,fl:da_ln:guerrazubiaga-1,Guerra Zubiaga,2015-06-02,Monterrey,MX,5,,,8
8741186,"Vegetable oil of high dielectric purity, method for obtaining same and use in an electrical device",2014-06-03,Agualeguas,MX,Jose Eulalio,2013-02-26,fl:jo_ln:contrerasdeleon-1,Contreras De Leon,2018-07-03,Agualeguas,MX,4,,,9
8796364,Method for preparation of additive for coatings containing metallic nanoparticles,2014-08-05,Monterrey,MX,Ricardo,2014-02-25,fl:ri_ln:benavidesperez-2,Benavides Perez,2021-10-26,Coahuila,MX,0,,,8
8796364,Method for preparation of additive for coatings containing metallic nanoparticles,2014-08-05,Coahuila,MX,Jose Gertrudis,2014-02-25,fl:jo_ln:bocanegrarojas-1,Bocanegra Rojas,2021-10-26,Coahuila,MX,1,,,7
8796364,Method for preparation of additive for coatings containing metallic nanoparticles,2014-08-05,Coahuila,MX,Jesus Manuel,2014-02-25,fl:je_ln:martinezmartinez-1,Martinez Martinez,2018-01-23,Coahuila,MX,2,,,6
8796364,Method for preparation of additive for coatings containing metallic nanoparticles,2014-08-05,Coahuila,MX,Julio Cesar,2014-08-05,fl:ju_ln:rangelmata-1,Rangel Mata,2018-01-23,Coahuila,MX,3,,,3
8796450,Boron dipyrromethenes with laser properties,2014-08-05,Guanajuato,MX,Eduardo,2014-03-04,fl:ed_ln:penacabrera-1,Pena Cabrera,2014-08-05,Guanajuato,MX,0,,,3
8796450,Boron dipyrromethenes with laser properties,2014-08-05,Guanajuato,MX,Ismael Javier,2014-03-04,fl:is_ln:arroyocordova-1,Arroyo Cordova,2014-08-05,Guanajuato,MX,1,,,2
8796450,Boron dipyrromethenes with laser properties,2014-08-05,Guanajuato,MX,Fabiola Irene,2014-03-04,fl:fa_ln:lopezvallejo-1,Lopez Vallejo,2018-06-19,Xico,MX,2,,,3
8853382,Expression of antibody or a fragment thereof in lactobacillus,2014-10-07,Huddinge,SE,Harold,1990-11-06,fl:ha_ln:marcotte-1,Marcotte,2014-10-07,Huddinge,SE,1,,,2
8853382,Expression of antibody or a fragment thereof in lactobacillus,2014-10-07,Huddinge,SE,Lennart,2004-03-23,fl:le_ln:hammarstrom-1,Hammarstrom,2014-10-07,Huddinge,SE,0,,,4
8853382,Expression of antibody or a fragment thereof in lactobacillus,2014-10-07,Oviedo,ES,Miguel,2014-10-07,fl:mi_ln:alvarez-6,Alvarez,2024-02-27,San Miguel de Allende,MX,2,,,4
8853382,Expression of antibody or a fragment thereof in lactobacillus,2014-10-07,Oviedo,ES,Maria Cruz,2014-10-07,fl:ma_ln:martin-131,Martin,2014-10-07,Oviedo,ES,3,,,1
8895479,Heavy oil recovery process using extremophile anaerobic indigenous microorganisms,2014-11-25,Mexico City,MX,Norma Icoquih,2014-01-21,fl:no_ln:zapatapenasco-1,Zapata Penasco,2019-06-04,Mexico City,MX,2,,,4
8895479,Heavy oil recovery process using extremophile anaerobic indigenous microorganisms,2014-11-25,Mexico City,MX,Andres Eduardo,2014-11-25,fl:an_ln:moctezumaberthier-1,Moctezuma Berthier,2019-06-25,Mexico City,MX,4,,,2
8895479,Heavy oil recovery process using extremophile anaerobic indigenous microorganisms,2014-11-25,Mexico City,MX,Gladys Teresa,2014-01-21,fl:gl_ln:castorenacortes-1,Castorena Cortes,2019-05-14,Mexico City,MX,1,,,3
8895479,Heavy oil recovery process using extremophile anaerobic indigenous microorganisms,2014-11-25,Mexico City,MX,Patricia,2014-01-21,fl:pa_ln:olguinlora-1,Olguin Lora,2019-05-14,Mexico City,MX,5,,,3
8895479,Heavy oil recovery process using extremophile anaerobic indigenous microorganisms,2014-11-25,Mexico City,MX,Teresa Guadalupe,2014-01-21,fl:te_ln:roldancarrillo-1,Roldan Carrillo,2019-05-14,Mexico City,MX,0,,,3
8895479,Heavy oil recovery process using extremophile anaerobic indigenous microorganisms,2014-11-25,Mexico City,MX,Romeo Jesus,2014-11-25,fl:ro_ln:reyesavila-1,Reyes Avila,2019-08-20,Mexico City,MX,3,,,3
8900545,Process for the production of high purity magnesium hydroxide,2014-12-02,Chihuahua,MX,Jesus Manuel,2014-02-25,fl:je_ln:martinezmartinez-1,Martinez Martinez,2018-01-23,Coahuila,MX,0,,,6
8900545,Process for the production of high purity magnesium hydroxide,2014-12-02,Chihuahua,MX,Jose Gertrudis,2014-02-25,fl:jo_ln:bocanegrarojas-1,Bocanegra Rojas,2021-10-26,Coahuila,MX,3,,,7
8900545,Process for the production of high purity magnesium hydroxide,2014-12-02,Chihuahua,MX,Ricardo,2014-02-25,fl:ri_ln:benavidesperez-2,Benavides Perez,2021-10-26,Coahuila,MX,2,,,8
8900545,Process for the production of high purity magnesium hydroxide,2014-12-02,Chihuahua,MX,Herlindo,2014-12-02,fl:he_ln:ortizortega-1,Ortiz Ortega,2014-12-02,Chihuahua,MX,1,,,1
8981008,Tapered triblock copolymers,2015-03-17,Altamira,MX,Sergio Alberto,2009-04-14,fl:se_ln:moctezumaespiricueto-2,Moctezuma Espiricueto,2024-12-24,Altamira,MX,0,,,7
8981008,Tapered triblock copolymers,2015-03-17,Acuitzio del Canje,MX,Alejandro Claudio,2015-03-17,fl:al_ln:esquiveldelagarza-1,Esquivel de la Garza,2022-06-28,Acuitzio del Canje,MX,3,,,4
8981008,Tapered triblock copolymers,2015-03-17,Acuitzio del Canje,MX,Gabriela Elizabeth,2015-03-17,fl:ga_ln:blancoreyes-1,Blanco Reyes,2021-08-24,Acuitzio del Canje,MX,5,,,2
8981008,Tapered triblock copolymers,2015-03-17,Acuitzio del Canje,MX,Martha Belem,2015-03-17,fl:ma_ln:mendietagarcia-1,Mendieta Garcia,2015-03-17,Acuitzio del Canje,MX,4,,,1
8981008,Tapered triblock copolymers,2015-03-17,Santander,ES,Enrique Maria,2015-03-17,fl:en_ln:monterocarnerero-1,Montero Carnerero,2015-03-17,Santander,ES,1,,,1
8981008,Tapered triblock copolymers,2015-03-17,Tampico,MX,Gabriel,2015-03-17,fl:ga_ln:hernandezzamora-2,Hernandez Zamora,2024-08-06,Tampico,MX,2,,,5
9169374,Synthetic raw elastomeric compositions in free-flowing pellet form and process for obtaining the same,2015-10-27,San Fernando,MX,Ricardo,2015-10-27,fl:ri_ln:sanchezortega-1,Sanchez-Ortega,2016-12-20,San Fernando,MX,1,,,3
9169374,Synthetic raw elastomeric compositions in free-flowing pellet form and process for obtaining the same,2015-10-27,San Fernando,MX,Sergio,2015-10-27,fl:se_ln:moctezumaespiricueto-1,Moctezuma-Espiricueto,2016-12-20,San Fernando,MX,4,,,3
9169374,Synthetic raw elastomeric compositions in free-flowing pellet form and process for obtaining the same,2015-10-27,San Fernando,MX,Gabriel,2015-10-27,fl:ga_ln:hernandezzamora-1,Hernandez-Zamora,2016-12-20,San Fernando,MX,0,,,3
9169374,Synthetic raw elastomeric compositions in free-flowing pellet form and process for obtaining the same,2015-10-27,San Fernando,MX,Zenon,2015-10-27,fl:ze_ln:rodriguezjuarez-1,Rodriguez-Juarez,2016-12-20,San Fernando,MX,2,,,3
9169374,Synthetic raw elastomeric compositions in free-flowing pellet form and process for obtaining the same,2015-10-27,San Fernando,MX,Jesus Ismael,2015-10-27,4g7kwa376w9sdky0hqws4e2ok,Camacho-Salas,2015-10-27,San Fernando,MX,3,,,1
9169922,System and method for improving fuel economy of a vehicle powertrain,2015-10-27,Huixquilucan de Degollado,MX,Enrique,2015-10-27,fl:en_ln:remes-1,Remes,2023-10-17,Huixquilucan de Degollado,MX,0,,,8
9240007,Vending system,2016-01-19,Monterrey,MX,Alfonso Javier,2016-01-19,fl:al_ln:barraganrodriguez-1,Barragan Rodriguez,2019-10-08,Monterrey,MX,1,,,3
9240007,Vending system,2016-01-19,Monterrey,MX,Alfonso Javier,2012-09-18,fl:al_ln:barragantrevino-1,Barragan Trevino,2022-08-02,Monterrey,MX,0,,,9
9240007,Vending system,2016-01-19,Austin,US,James J.,1984-03-20,fl:ja_ln:crow-2,Crow,2022-08-02,Austin,US,2,TX,48,17
9255871,"Measuring process of dynamic viscosity of heavy live crude from the reservoir pressure up to atmospheric pressure, including bubble point pressure, based on an electromagnetic viscometer",2016-02-09,Mexico City,MX,Simon,2013-08-27,fl:si_ln:lopezramirez-2,Lopez Ramirez,2019-10-29,Villa de Cos,MX,3,,,7
9255871,"Measuring process of dynamic viscosity of heavy live crude from the reservoir pressure up to atmospheric pressure, including bubble point pressure, based on an electromagnetic viscometer",2016-02-09,Mexico City,MX,Cecilia de los Angeles,2014-05-13,fl:ce_ln:duranvalencia-1,Duran Valencia,2019-10-29,Villa de Cos,MX,2,,,4
9255871,"Measuring process of dynamic viscosity of heavy live crude from the reservoir pressure up to atmospheric pressure, including bubble point pressure, based on an electromagnetic viscometer",2016-02-09,Mexico City,MX,Alfredo,2014-05-13,fl:al_ln:riosreyes-1,Rios Reyes,2016-02-09,Mexico City,MX,4,,,2
9255871,"Measuring process of dynamic viscosity of heavy live crude from the reservoir pressure up to atmospheric pressure, including bubble point pressure, based on an electromagnetic viscometer",2016-02-09,Mexico City,MX,Oscar,2016-02-09,fl:os_ln:orozcocaballero-1,Orozco Caballero,2016-02-09,Mexico City,MX,5,,,1
9255871,"Measuring process of dynamic viscosity of heavy live crude from the reservoir pressure up to atmospheric pressure, including bubble point pressure, based on an electromagnetic viscometer",2016-02-09,Mexico City,MX,Roberto Carlos,2016-02-09,fl:ro_ln:ruizortega-1,Ruiz Ortega,2016-02-09,Mexico City,MX,1,,,1
9255871,"Measuring process of dynamic viscosity of heavy live crude from the reservoir pressure up to atmospheric pressure, including bubble point pressure, based on an electromagnetic viscometer",2016-02-09,Mexico City,MX,Jose Luis,2015-07-07,fl:jo_ln:mendozadelacruz-1,Mendoza De La Cruz,2017-10-17,Mexico City,MX,0,,,5
9255871,"Measuring process of dynamic viscosity of heavy live crude from the reservoir pressure up to atmospheric pressure, including bubble point pressure, based on an electromagnetic viscometer",2016-02-09,Mexico City,MX,Luis Manuel,2016-02-09,fl:lu_ln:pizanogallardo-1,Pizano Gallardo,2016-02-09,Mexico City,MX,6,,,1
9277191,"Security monitoring systems, methods and devices for electric vehicle charging stations",2016-03-01,San Nicolas de los Garza,MX,Gerardo Rodriguez,2013-10-08,fl:ge_ln:najera-1,Najera,2018-11-06,General Escobedo,MX,5,,,5
9277191,"Security monitoring systems, methods and devices for electric vehicle charging stations",2016-03-01,Apodaca,MX,Vladimir Cano,2013-08-13,fl:vl_ln:rodriguez-1,Rodriguez,2018-11-06,Apodaca,MX,4,,,4
9277191,"Security monitoring systems, methods and devices for electric vehicle charging stations",2016-03-01,Monterrey,MX,Karla Morena Guajardo,2013-08-13,fl:ka_ln:gonzalez-5,Gonzalez,2019-10-01,Monterrey,MX,2,,,5
9277191,"Security monitoring systems, methods and devices for electric vehicle charging stations",2016-03-01,Monterrey,MX,Pablo Alejandro del Angel,2015-12-22,fl:pa_ln:marrufo-1,Marrufo,2019-10-01,Monterrey,MX,3,,,3
9277191,"Security monitoring systems, methods and devices for electric vehicle charging stations",2016-03-01,Monterrey,MX,Marcela Veronica Arizpe,2015-12-22,fl:ma_ln:rodriguez-11,Rodriguez,2019-10-01,Monterrey,MX,0,,,3
9277191,"Security monitoring systems, methods and devices for electric vehicle charging stations",2016-03-01,San Pedro Garza Garcia,MX,Jose Filiberto Escamilla,2013-08-13,fl:jo_ln:canedo-1,Canedo,2019-10-01,San Pedro Garza Garcia,MX,1,,,4
9290492,Solid forms of antibiotics,2016-03-22,Mexico City,MX,Juan Pablo Senosiain,2016-03-22,fl:ju_ln:pelaez-2,Pelaez,2016-03-22,Mexico City,MX,5,,,1
9290492,Solid forms of antibiotics,2016-03-22,Tlaltizapan,MX,Herbert,2016-03-08,fl:he_ln:hopfl-1,Hopfl,2019-02-19,Cuernavaca,MX,3,,,3
9290492,Solid forms of antibiotics,2016-03-22,Tlaltizapan,MX,Hugo Morales,2016-03-22,fl:hu_ln:rojas-2,Rojas,2016-03-22,Tlaltizapan,MX,0,,,1
9290492,Solid forms of antibiotics,2016-03-22,Tlaltizapan,MX,Dea Herrera,2016-03-22,fl:de_ln:ruiz-2,Ruiz,2016-03-22,Tlaltizapan,MX,2,,,1
9290492,Solid forms of antibiotics,2016-03-22,Tlaltizapan,MX,Jorge Guillermo Dominguez,2016-03-22,fl:jo_ln:chavez-18,Chavez,2016-03-22,Tlaltizapan,MX,1,,,1
9290492,Solid forms of antibiotics,2016-03-22,Tlaltizapan,MX,Juan Manuel Martinez,2016-03-22,2ryx29g82kiwobudg2nh11llk,Alejo,2016-03-22,Tlaltizapan,MX,4,,,1
9358367,Cannula holder having a guide for a stomach tube,2016-06-07,Jalisco,MX,Hector de Jesus,2009-09-29,fl:he_ln:velezrivera-2,Velez-Rivera,2019-11-05,Jalisco,MX,0,,,4
9366387,Process of preparing improved heavy and extra heavy crude oil emulsions by use of biosurfactants in water and product thereof,2016-06-14,Mexico City,MX,Mario,2016-06-14,fl:ma_ln:ramirezdesantiago-1,Ramirez De Santiago,2019-08-20,Mexico City,MX,8,,,2
9366387,Process of preparing improved heavy and extra heavy crude oil emulsions by use of biosurfactants in water and product thereof,2016-06-14,Mexico City,MX,Maria de Lourdes,2008-08-26,fl:ma_ln:mosqueiramondragon-1,Mosqueira Mondragon,2021-11-23,Mexico City,MX,2,,,7
9366387,Process of preparing improved heavy and extra heavy crude oil emulsions by use of biosurfactants in water and product thereof,2016-06-14,Mexico City,MX,Cesar,2016-06-14,fl:ce_ln:bernalhuicochea-1,Bernal Huicochea,2019-08-20,Mexico City,MX,6,,,2
9366387,Process of preparing improved heavy and extra heavy crude oil emulsions by use of biosurfactants in water and product thereof,2016-06-14,Mexico City,MX,Juan de la Cruz,2016-06-14,fl:ju_ln:clavellopez-1,Clavel Lopez,2021-04-20,Mexico City,MX,7,,,4
9366387,Process of preparing improved heavy and extra heavy crude oil emulsions by use of biosurfactants in water and product thereof,2016-06-14,Mexico City,MX,Flavio Salvador,2014-08-26,fl:fl_ln:vazquezmoreno-1,Vazquez Moreno,2024-03-05,Mexico City,MX,5,,,23
9366387,Process of preparing improved heavy and extra heavy crude oil emulsions by use of biosurfactants in water and product thereof,2016-06-14,Mexico City,MX,Beatriz,2016-06-14,fl:be_ln:zapatarendon-1,Zapata Rendon,2018-03-27,Mexico City,MX,1,,,3
9366387,Process of preparing improved heavy and extra heavy crude oil emulsions by use of biosurfactants in water and product thereof,2016-06-14,Mexico City,MX,Luis Manuel,2016-06-14,fl:lu_ln:quejake-1,Quej Ake,2024-04-16,Mexico City,MX,3,,,4
9366387,Process of preparing improved heavy and extra heavy crude oil emulsions by use of biosurfactants in water and product thereof,2016-06-14,Mexico City,MX,Jorge Arturo,2016-06-14,fl:jo_ln:aburtoanell-1,Aburto Anell,2020-12-08,Mexico City,MX,0,,,7
9366387,Process of preparing improved heavy and extra heavy crude oil emulsions by use of biosurfactants in water and product thereof,2016-06-14,Mexico City,MX,Eugenio Alejandro,2013-12-03,fl:eu_ln:floresoropeza-1,Flores Oropeza,2019-01-01,Mexico City,MX,4,,,17
9408836,Pharmaceutical composition containing pirfenidone in sustained-release tablet form,2016-08-09,Mexico City,MX,Jorge,2016-08-09,fl:jo_ln:cervantesguadarrama-1,Cervantes Guadarrama,2024-09-10,Mexico City,MX,2,,,6
9408836,Pharmaceutical composition containing pirfenidone in sustained-release tablet form,2016-08-09,Mexico City,MX,Juan Socorro,2010-10-05,fl:ju_ln:armendarizborunda-1,Armendariz Borunda,2024-09-10,Mexico City,MX,0,,,17
9408836,Pharmaceutical composition containing pirfenidone in sustained-release tablet form,2016-08-09,Mexico City,MX,Jose Agustin Rogelio,2013-07-23,fl:jo_ln:maganacastro-1,Magana Castro,2024-09-10,Mexico City,MX,1,,,16
9433602,Combination and composition for treating obesity,2016-09-06,Mexico City,MX,Gustavo,2014-11-25,fl:gu_ln:barrancohernandez-1,Barranco Hernandez,2016-09-06,Mexico City,MX,1,,,2
9433602,Combination and composition for treating obesity,2016-09-06,Mexico City,MX,Juan Pablo,2014-09-30,fl:ju_ln:senosiainpelaez-1,Senosiain Pelaez,2019-05-28,Mexico City,MX,0,,,6
9433602,Combination and composition for treating obesity,2016-09-06,Mexico City,MX,Raul Garcia Salgado,2016-09-06,fl:ra_ln:lopez-3,Lopez,2016-09-06,Mexico City,MX,2,,,1
9469804,Foaming composition with wettability modifying and corrosion inhibitory properties for high temperature and ultra-high salinity,2016-10-18,Mexico City,MX,Sung Jae,1999-12-28,fl:su_ln:kim-190,Kim,2024-05-21,Seoul,KR,13,,,82
9469804,Foaming composition with wettability modifying and corrosion inhibitory properties for high temperature and ultra-high salinity,2016-10-18,Mexico City,MX,Raul,2016-10-18,fl:ra_ln:oviedoroa-1,Oviedo Roa,2021-05-25,Mexico City,MX,6,,,5
9469804,Foaming composition with wettability modifying and corrosion inhibitory properties for high temperature and ultra-high salinity,2016-10-18,Mexico City,MX,Tomas Eduardo,2016-10-18,fl:to_ln:chavezmiyauchi-1,Chavez Miyauchi,2016-10-18,Mexico City,MX,15,,,1
9469804,Foaming composition with wettability modifying and corrosion inhibitory properties for high temperature and ultra-high salinity,2016-10-18,Mexico City,MX,Eduardo,2014-05-13,fl:ed_ln:buenrostrogonzalez-1,Buenrostro Gonzalez,2018-05-29,Mexico City,MX,8,,,8
9469804,Foaming composition with wettability modifying and corrosion inhibitory properties for high temperature and ultra-high salinity,2016-10-18,Mexico City,MX,Rodolfo,2016-10-18,fl:ro_ln:cisnerosdevora-1,Cisneros Devora,2021-10-19,Mexico City,MX,9,,,8
9469804,Foaming composition with wettability modifying and corrosion inhibitory properties for high temperature and ultra-high salinity,2016-10-18,Mexico City,MX,Jorge Francisco,2016-10-18,fl:jo_ln:ramirezperez-1,Ramirez Perez,2021-05-25,Mexico City,MX,14,,,5
9469804,Foaming composition with wettability modifying and corrosion inhibitory properties for high temperature and ultra-high salinity,2016-10-18,Mexico City,MX,America Elizabeth,2016-10-18,fl:am_ln:mendozaaguilar-1,Mendoza Aguilar,2021-10-19,Mexico City,MX,12,,,4
9469804,Foaming composition with wettability modifying and corrosion inhibitory properties for high temperature and ultra-high salinity,2016-10-18,Mexico City,MX,Yosadara,2008-08-26,fl:yo_ln:ruizmorales-1,Ruiz Morales,2016-10-18,Mexico City,MX,16,,,5
9469804,Foaming composition with wettability modifying and corrosion inhibitory properties for high temperature and ultra-high salinity,2016-10-18,Mexico City,MX,Erick Emanuel,2015-07-07,fl:er_ln:lunarojero-1,Luna Rojero,2021-10-19,Mexico City,MX,3,,,7
9469804,Foaming composition with wettability modifying and corrosion inhibitory properties for high temperature and ultra-high salinity,2016-10-18,Mexico City,MX,Mirna,2016-10-18,fl:mi_ln:ponsjimenez-1,Pons Jimenez,2022-07-12,Mexico City,MX,11,,,7
9469804,Foaming composition with wettability modifying and corrosion inhibitory properties for high temperature and ultra-high salinity,2016-10-18,Mexico City,MX,Maria del Pilar,2016-10-18,fl:ma_ln:arzolagarcia-1,Arzola Garcia,2021-06-29,Mexico City,MX,10,,,3
9469804,Foaming composition with wettability modifying and corrosion inhibitory properties for high temperature and ultra-high salinity,2016-10-18,Mexico City,MX,Luis Silvestre,2013-08-27,fl:lu_ln:zamudiorivera-1,Zamudio Rivera,2022-07-12,Mexico City,MX,1,,,23
9469804,Foaming composition with wettability modifying and corrosion inhibitory properties for high temperature and ultra-high salinity,2016-10-18,Mexico City,MX,David Aaron,2015-07-07,fl:da_ln:nietoalvarez-1,Nieto Alvarez,2021-10-19,Mexico City,MX,7,,,7
9469804,Foaming composition with wettability modifying and corrosion inhibitory properties for high temperature and ultra-high salinity,2016-10-18,Mexico City,MX,Raul,2013-08-27,fl:ra_ln:hernandezaltamirano-1,Hernandez Altamirano,2022-07-12,Mexico City,MX,0,,,23
9469804,Foaming composition with wettability modifying and corrosion inhibitory properties for high temperature and ultra-high salinity,2016-10-18,Mexico City,MX,Jose Manuel,2016-10-18,fl:jo_ln:martinezmagadan-1,Martinez Magadan,2022-07-12,Mexico City,MX,5,,,7
9469804,Foaming composition with wettability modifying and corrosion inhibitory properties for high temperature and ultra-high salinity,2016-10-18,Mexico City,MX,Violeta Yasmin,2013-08-27,fl:vi_ln:menacervantes-2,Mena Cervantes,2021-06-29,Mexico City,MX,2,,,18
9469804,Foaming composition with wettability modifying and corrosion inhibitory properties for high temperature and ultra-high salinity,2016-10-18,Mexico City,MX,Enrique,2016-10-18,fl:en_ln:serranosaldana-1,Serrano Saldana,2016-10-18,Mexico City,MX,4,,,1
9492817,Process for altering the physico-chemical properties of Faujasite Y-type zeolites,2016-11-15,Mexico City,MX,Jose Marie Maurice,2014-05-06,fl:jo_ln:julienfripiat-1,Julien Fripiat,2019-05-28,Mexico City,MX,5,,,3
9492817,Process for altering the physico-chemical properties of Faujasite Y-type zeolites,2016-11-15,Mexico City,MX,Hector,2014-05-06,fl:he_ln:armendarizherrera-1,ARMENDARIZ HERRERA,2019-05-28,Mexico City,MX,0,,,7
9492817,Process for altering the physico-chemical properties of Faujasite Y-type zeolites,2016-11-15,Mexico City,MX,Maria de Lourdes Alejandra,2014-05-06,fl:ma_ln:guzmancastillo-1,GUZMAN CASTILLO,2021-11-23,Mexico City,MX,1,,,8
9492817,Process for altering the physico-chemical properties of Faujasite Y-type zeolites,2016-11-15,Mexico City,MX,Jaime,2011-06-21,fl:ja_ln:sanchezvalente-2,SANCHEZ VALENTE,2021-11-23,Mexico City,MX,4,,,9
9492817,Process for altering the physico-chemical properties of Faujasite Y-type zeolites,2016-11-15,Mexico City,MX,Patricia,2014-05-06,fl:pa_ln:perezromo-1,Perez Romo,2022-11-15,Mexico City,MX,3,,,4
9492817,Process for altering the physico-chemical properties of Faujasite Y-type zeolites,2016-11-15,Mexico City,MX,Francisco Javier,2011-06-21,fl:fr_ln:hernandezbeltran-1,Hernandez Beltran,2019-05-28,Mexico City,MX,2,,,5
9499448,Microbial composition comprising liquid fertilizer and processes for agricultural use,2016-11-22,Lady Lake,US,Darrell T.,2016-11-22,fl:da_ln:thorpe-1,Thorpe,2021-03-02,Lady Lake,US,0,FL,12,2
9499448,Microbial composition comprising liquid fertilizer and processes for agricultural use,2016-11-22,Ixtlahuacan de los Membrillos,MX,Jaime,2016-11-22,fl:ja_ln:lopezcervantes-1,Lopez-Cervantes,2020-04-14,Ixtlahuacan de los Membrillos,MX,1,,,3
9540989,Methods and systems for boost control,2017-01-10,Mexico City,MX,Daniel Andres,2017-01-10,fl:da_ln:ramoscoria-1,Ramos Coria,2018-08-14,Santa Fe,MX,1,,,2
9540989,Methods and systems for boost control,2017-01-10,Miguel Aleman,MX,Artemio,2017-01-10,fl:ar_ln:magana-1,Magana,2018-08-14,Leona Vicario,MX,3,,,2
9540989,Methods and systems for boost control,2017-01-10,General Escobedo,MX,Rodrigo,2017-01-10,fl:ro_ln:felix-7,Felix,2020-04-21,General Escobedo,MX,2,,,5
9540989,Methods and systems for boost control,2017-01-10,Mexico City,MX,Arturo del Refugio,2017-01-10,fl:ar_ln:sanchezperez-2,Sanchez Perez,2018-08-14,Mexico City,MX,0,,,2
9550542,Electric cycle,2017-01-24,Dearborn,US,Jose Guillermo,2017-01-24,fl:jo_ln:saavedraroman-1,Saavedra Roman,2022-09-13,The Colony,US,5,MI,26,4
9550542,Electric cycle,2017-01-24,Mexico City,MX,Daniel Amaury,2017-01-24,fl:da_ln:menchacagonzalez-1,Menchaca Gonzalez,2017-11-14,Mexico City,MX,7,,,2
9550542,Electric cycle,2017-01-24,Mexico City,MX,Ana Laura,2017-01-24,fl:an_ln:quintanarmelendez-1,Quintanar Melendez,2017-11-14,Mexico City,MX,6,,,2
9550542,Electric cycle,2017-01-24,Queretaro,MX,Ramon,2017-01-24,fl:ra_ln:jaureguiortiz-1,Jauregui Ortiz,2017-11-14,Queretaro,MX,4,,,2
9550542,Electric cycle,2017-01-24,Estado de Mexico,MX,Jose de Jesus,2017-01-24,fl:jo_ln:martinezcolin-1,Martinez Colin,2017-11-14,Estado de Mexico,MX,8,,,2
9550542,Electric cycle,2017-01-24,Hamburg,DE,Luis Alfonso,2017-01-24,fl:lu_ln:dominguezvictorio-1,Dominguez Victorio,2017-11-14,Hamburg,DE,1,,,2
9550542,Electric cycle,2017-01-24,Mexico City,MX,Benjamin Duenas,2016-03-15,fl:be_ln:figueroa-2,Figueroa,2017-11-14,Acapulco,MX,0,,,3
9550542,Electric cycle,2017-01-24,Estado de Mexico,MX,Haydee Guadalupe,2017-01-24,fl:ha_ln:martinezrivera-1,Martinez Rivera,2017-11-14,Estado de Mexico,MX,2,,,2
9550542,Electric cycle,2017-01-24,Estado de Mexico,MX,Raciel,2017-01-24,fl:ra_ln:cruzramirez-1,Cruz Ramirez,2017-11-14,Estado de Mexico,MX,3,,,2
9580406,Processes for the preparation of axitinib,2017-02-28,Calimaya de Diaz Gonzalez,MX,Jose Miguel,2015-09-01,fl:jo_ln:lazcanoseres-1,Lazcano-Seres,2017-02-28,Calimaya de Diaz Gonzalez,MX,1,,,3
9580406,Processes for the preparation of axitinib,2017-02-28,Toluca,MX,Martin Raul,2017-02-28,fl:ma_ln:montielperez-1,Montiel-Perez,2017-02-28,Toluca,MX,4,,,1
9580406,Processes for the preparation of axitinib,2017-02-28,Toluca,MX,Israel,2017-02-28,fl:is_ln:floresgarcia-1,Flores-Garcia,2017-02-28,Toluca,MX,5,,,1
9580406,Processes for the preparation of axitinib,2017-02-28,Toluca,MX,Evin Hazael,2015-09-01,fl:ev_ln:granadoscovarrubias-1,Granados-Covarrubias,2017-02-28,Toluca,MX,0,,,2
9580406,Processes for the preparation of axitinib,2017-02-28,Metepec,MX,Roberto Carlos,2015-09-01,fl:ro_ln:melgarfernandez-1,Melgar-Fernandez,2017-02-28,Metepec,MX,2,,,2
9580406,Processes for the preparation of axitinib,2017-02-28,San Miguel Zinacantepec,MX,Armando,2015-09-01,fl:ar_ln:zambranohuerta-1,Zambrano-Huerta,2017-02-28,San Miguel Zinacantepec,MX,3,,,3
9653244,Lockout relay device,2017-05-16,Moctezuma,MX,Jose Ramon,2017-05-16,fl:jo_ln:martinezramirez-1,Martinez Ramirez,2020-05-19,San Luis Potosi,MX,4,,,3
9653244,Lockout relay device,2017-05-16,Gomez Palacio,MX,Sergio David,2017-05-16,fl:se_ln:esquivelalvarez-1,Esquivel Alvarez,2020-05-19,Gomez Palacio,MX,3,,,4
9653244,Lockout relay device,2017-05-16,Soledad de Graciano Sanchez,MX,Carlos Baltazar,2017-05-16,fl:ca_ln:castromaciel-1,Castro Maciel,2020-05-19,Soledad de Graciano Sanchez,MX,0,,,4
9653244,Lockout relay device,2017-05-16,Moctezuma,MX,Jorge Luis,2017-05-16,fl:jo_ln:sotomurrieta-1,Soto Murrieta,2017-08-22,San Luis Potosi,MX,6,,,2
9653244,Lockout relay device,2017-05-16,San Nicolas de los Garza,MX,Gerardo,2016-05-31,fl:ge_ln:rodrigueznajera-1,Rodriguez Najera,2020-05-19,San Nicolas de los Garza,MX,2,,,8
9653244,Lockout relay device,2017-05-16,Moctezuma,MX,Hector Jaime,2017-05-16,fl:he_ln:alba-1,Alba,2020-05-19,San Luis Potosi,MX,5,,,3
9653244,Lockout relay device,2017-05-16,Rodolfo Sanchez Taboada ( Maneadero ),MX,Marco Antonio,2017-05-16,fl:ma_ln:hidrogoordaz-1,Hidrogo Ordaz,2020-05-19,Gomez Palacio,MX,1,,,3
9717773,Lactococcus lactis strains for producing bioactive peptides having anti-hypertensive and cholesterol-lowering effects,2017-08-01,Hermosillo,MX,Jose Carlos Rodriguez,1995-12-19,fl:jo_ln:figueroa-4,Figueroa,2020-12-15,Hermosillo,MX,2,,,10
9717773,Lactococcus lactis strains for producing bioactive peptides having anti-hypertensive and cholesterol-lowering effects,2017-08-01,Hermosillo,MX,Belinda,2014-10-21,fl:be_ln:vallejogalland-1,Vallejo Galland,2021-07-27,Hermosillo,MX,0,,,9
9717773,Lactococcus lactis strains for producing bioactive peptides having anti-hypertensive and cholesterol-lowering effects,2017-08-01,Hermosillo,MX,Aaron Fernando Gonzalez,2014-10-21,fl:aa_ln:cordova-2,Cordova,2020-12-15,Hermosillo,MX,1,,,8
9827926,Cowl trim assembly with sliding cover,2017-11-28,Yavaros (Isla las Viejas),MX,Hallin Sinai,2017-11-28,fl:ha_ln:hernandezmoreno-1,Hernandez Moreno,2017-11-28,Yavaros (Isla las Viejas),MX,2,,,1
9827926,Cowl trim assembly with sliding cover,2017-11-28,Cuautitlan Izcalli,MX,Ramiro,2017-11-28,fl:ra_ln:chablehernandez-1,Chable Hernandez,2017-11-28,Cuautitlan Izcalli,MX,1,,,1
9827926,Cowl trim assembly with sliding cover,2017-11-28,Mexico City,MX,Luis Alberto,2017-11-28,fl:lu_ln:duranhernandez-1,Duran Hernandez,2023-01-03,Coyoacan,MX,0,,,3
9850695,Door restraint mechanism,2017-12-26,Naucalpan,MX,Jorge Guillermo,2017-07-18,fl:jo_ln:barriosalbert-1,Barrios Albert,2023-11-07,Farmington Hills,US,2,,,6
9850695,Door restraint mechanism,2017-12-26,Birmingham,US,Yunuen,2017-12-26,fl:yu_ln:torresfernandez-1,Torres Fernandez,2017-12-26,Birmingham,US,0,MI,26,1
9850695,Door restraint mechanism,2017-12-26,Tlalnepantla,MX,Saulo Da,2017-06-20,fl:sa_ln:cortescervantes-1,Cortes Cervantes,2017-12-26,Tlalnepantla,MX,1,,,3
9852375,Techniques for mobile prediction,2017-12-26,Chandler,US,Joe,2000-09-05,fl:jo_ln:jensen-24,Jensen,2023-03-07,Chandler,US,2,AZ,04,8
9852375,Techniques for mobile prediction,2017-12-26,Chandler,US,Jose A.,2017-12-26,fl:jo_ln:avalos-2,Avalos,2024-08-20,Chandler,US,1,AZ,04,9
9852375,Techniques for mobile prediction,2017-12-26,Gilbert,US,Addicam V.,2009-07-14,fl:ad_ln:sanjay-1,Sanjay,2024-08-20,Gilbert,US,0,AZ,04,19
9862317,Automated defrost and defog performance test system and method,2018-01-09,Ixtaczoquitlan,MX,Marcos Ahuizotl,2018-01-09,fl:ma_ln:fragosoiniguez-1,Fragoso Iniguez,2024-02-27,Union y Progreso,MX,0,,,3
9862317,Automated defrost and defog performance test system and method,2018-01-09,Mexico City,MX,Oscar,2018-01-09,fl:os_ln:monroy-1,Monroy,2018-01-09,Mexico City,MX,3,,,1
9862317,Automated defrost and defog performance test system and method,2018-01-09,Troy,US,Rachid E.,2018-01-09,fl:ra_ln:elaile-1,El Aile,2018-01-09,Troy,US,2,MI,26,1
9862317,Automated defrost and defog performance test system and method,2018-01-09,White Lake,US,Kevin M.,2018-01-09,fl:ke_ln:rolinski-1,Rolinski,2018-01-09,White Lake,US,1,MI,26,1
9862658,Use of polymers as heterogeneous hydrogen donors for hydrogenation reactions,2018-01-09,Mexico City,MX,Jose Luis,2018-01-09,fl:jo_ln:garciagutierrez-1,Garcia Gutierrez,2024-11-12,Mexico City,MX,2,,,5
9862658,Use of polymers as heterogeneous hydrogen donors for hydrogenation reactions,2018-01-09,Mexico City,MX,Jose Luis,2013-01-15,fl:jo_ln:canodominguez-1,Cano Dominguez,2018-09-18,Xico,MX,1,,,3
9862658,Use of polymers as heterogeneous hydrogen donors for hydrogenation reactions,2018-01-09,Mexico City,MX,Laura Olivia,2018-01-09,fl:la_ln:alemanvazquez-1,Aleman Vazquez,2020-10-06,Mexico City,MX,0,,,3
9949959,Semi-solid topical composition containing pirfenidone and modified diallyl disulfide oxide (M-DDO) for eliminating or preventing acne,2018-04-24,Mexico City,MX,Pedro,2018-04-24,fl:pe_ln:penasantoyo-1,Pena Santoyo,2024-09-10,Mexico City,MX,2,,,5
9949959,Semi-solid topical composition containing pirfenidone and modified diallyl disulfide oxide (M-DDO) for eliminating or preventing acne,2018-04-24,Mexico City,MX,Jose Agustin Rogelio,2013-07-23,fl:jo_ln:maganacastro-1,Magana Castro,2024-09-10,Mexico City,MX,1,,,16
9949959,Semi-solid topical composition containing pirfenidone and modified diallyl disulfide oxide (M-DDO) for eliminating or preventing acne,2018-04-24,Mexico City,MX,Laura,2013-07-23,fl:la_ln:vazquezcervantes-1,Vazquez Cervantes,2024-09-10,Mexico City,MX,3,,,9
9949959,Semi-solid topical composition containing pirfenidone and modified diallyl disulfide oxide (M-DDO) for eliminating or preventing acne,2018-04-24,Mexico City,MX,Juan Socorro,2010-10-05,fl:ju_ln:armendarizborunda-1,Armendariz Borunda,2024-09-10,Mexico City,MX,0,,,17
9964189,Rotary actuation device,2018-05-08,Soledad de Graciano Sanchez,MX,Carlos Baltazar,2017-05-16,fl:ca_ln:castromaciel-1,Castro Maciel,2020-05-19,Soledad de Graciano Sanchez,MX,1,,,4
9964189,Rotary actuation device,2018-05-08,San Nicolas de los Garza,MX,Gerardo,2016-05-31,fl:ge_ln:rodrigueznajera-1,Rodriguez Najera,2020-05-19,San Nicolas de los Garza,MX,0,,,8
9964189,Rotary actuation device,2018-05-08,Gomez Palacio,MX,Sergio David,2017-05-16,fl:se_ln:esquivelalvarez-1,Esquivel Alvarez,2020-05-19,Gomez Palacio,MX,2,,,4
